b,q,mean,stdev,delta
0.13707840485817352,2.0324023174392627,0.023101743244476575,0.0022391376447173554,0.9872654776105082
0.12060689526178586,3.2791070805666296,0.047283013771546215,0.001667307272905095,0.9330049626617296
0.44148817369562576,4.282712430569775,0.02990295522196002,0.0023564006158166605,0.956077435058705
0.19215396140420568,3.303471312629873,0.01266263430823078,0.0019033393719635253,0.9443721151248449
0.2734626596088857,2.300749940890457,0.035308018430872716,0.0034736911517796107,0.9465325423155533
0.4422075113377081,3.7746225391592714,0.010554941448470963,0.004276866138165365,0.9716609280262113
0.30165301257501964,3.67581664787382,0.03838917825364683,0.004053570740118218,0.9677741560660137
0.2945448629231713,4.1176320552367285,0.019324334563465263,0.003126413210544595,0.9371441877762446
0.18524308309531493,2.1744437644808445,0.02030080965170879,0.001379382827597901,0.9706950196513534
0.36753126777014855,3.878415389858131,0.014997810393058673,0.0032516076860642142,0.9533483537238933
0.3953118931649423,3.745014258530859,0.010634332129235294,0.002105412742398737,0.9745955371592487
0.21872042792267526,2.3666044480257136,0.030723292888105012,0.0026405179247750194,0.9739650915404094
0.37212410851446376,2.2247748194568926,0.024393224043459404,0.004407755847032258,0.931386920293145
0.2748262120822238,4.464517037967353,0.01134799050225701,0.00353730024249656,0.946362256690085
0.2350917982527734,3.373169572396969,0.023343156427231143,0.0036327343549266275,0.9802704656288022
0.25025948590642805,2.0496067895411545,0.02788332737301545,0.0031354217410696204,0.9828994303074118
0.25586687288128196,3.9695483590067253,0.025967377376426945,0.004282378793900624,0.9653726573715472
0.10315995615367943,4.473022305285281,0.029952275279740842,0.003049388017840476,0.987800320839896
0.3320033445954283,2.413803924189017,0.012469526506023839,0.003431848301990845,0.936792280677724
0.18770217425675928,3.32978422839669,0.0335733871971705,0.004508878138133658,0.9408084927144075
0.16773858501401734,2.1763347713454517,0.010843998122022405,0.001355317703293758,0.9384635708597926
0.43811851882687125,4.144669916400128,0.04427626519415257,0.004454599830221486,0.9527786241818961
0.13140405683255424,2.8492949106330903,0.01946588320779788,0.004669354861631503,0.9518705931706484
0.4128338386591347,2.6914279442466578,0.04227581943570496,0.0038646597720521907,0.932963522658343
0.4140182010804263,2.4044471029493697,0.03316108749844155,0.0027161557167882915,0.9638005454621532
0.3554548672338581,3.743856717479092,0.03536740687876489,0.0037922651646659245,0.9640666881193813
0.43176014469983726,3.0907784511543754,0.046592750732697266,0.0017764371783427373,0.9602669034623201
0.30287433114831785,2.046942226976294,0.032297350224927315,0.002810818983026666,0.9559165996945749
0.3812634937935784,3.972678896219809,0.024279335167744855,0.004481227072403624,0.9503196038738908
0.28344732186118793,2.162180600638071,0.045688942742833395,0.003121969034831746,0.9671942327086502
0.30202643977312105,3.6898896362902986,0.025183418702057946,0.0019387007309342138,0.981532527624628
0.10114290743139608,3.3837150509391734,0.021922645830137845,0.004544559378873274,0.9529014410241232
0.27098161423819267,3.1307776062206525,0.03939267597639171,0.003388029836844001,0.9450144004280261
0.18068282427454935,3.0731027598065985,0.021322926686302507,0.0048675967687454025,0.938908416179744
0.36294458615956415,2.6831096607968306,0.03799948264526455,0.003137829932661662,0.9688087093975576
0.33944855640979016,2.489567335978911,0.028609842794709052,0.003996383089391209,0.9823941046507736
0.37152335654716906,2.1894013226896494,0.045749743623794845,0.0023656109551965353,0.9396025307641018
0.1880664904250632,2.1805996367443754,0.041864481755967686,0.003629596797884837,0.9620280616102082
0.3067907526789974,4.26155227449731,0.02956883362563592,0.0018682176354067237,0.9747352989224791
0.28900756438949726,3.5768617739322095,0.034743590680925265,0.004135247128882781,0.956341920972484
0.2861855794169019,3.3930117834169558,0.035638075775014384,0.0037174606843460747,0.9534840727966672
0.1696294404434027,2.7502798385557443,0.03551620322164979,0.004564442067135419,0.9386044486623522
0.4243212616001115,2.311101706164311,0.035655602390200415,0.0028134985685875375,0.9820377291080973
0.42408648852377584,3.6194724626852985,0.03547368557936655,0.0015764817295641441,0.9690089552327824
0.39379291861274,2.6148702721026758,0.040901222888114055,0.002397434701945875,0.9308771055935161
0.4322882162617986,4.024332069650951,0.04857763847721935,0.0012860499633348744,0.965700315664935
0.4093939594424839,3.3649648031023416,0.014343567251233896,0.0025764162941257183,0.9897928682657242
0.2786158571524112,3.9963833777824136,0.026121159599110697,0.00306909363115313,0.9311470791689269
0.34240165467527106,3.422806668406607,0.02430590736587737,0.001334730102349389,0.9756281257201332
0.21746246830371355,3.366822839843647,0.019697309020190477,0.0015537879831754322,0.9388052081756675
0.28427104710888784,2.44774604818578,0.023563162021002795,0.0036701781159604045,0.953309271203269
0.20719196132520407,3.9596478124699206,0.02492630497480309,0.0044964012012186656,0.9605771546250592
0.23260987897327348,2.686956371256569,0.0374500124954377,0.0038862879721452076,0.9817108008077365
0.2684028769181983,2.997491609351037,0.033535167673852236,0.0016479131516054,0.9662414780552403
0.28067401519652985,2.5314883929113483,0.04470598699094354,0.0016397309558355629,0.9812167915052725
0.16506911070053576,3.8528415861436858,0.0357960722545364,0.003332411563166215,0.9505623852631079
0.2586471759128204,2.3373602580346136,0.041411030168744395,0.001587887961993898,0.9569664977102951
0.19950023520471738,2.5860852566215606,0.026347875560533786,0.0014149651550297822,0.9370054568996133
0.2527115387031403,3.298195198469284,0.01624762602526133,0.0030287191363915045,0.9314986508673538
0.14048322880845576,3.6061370250226856,0.0393113667244119,0.0015054166655027246,0.9531779308490789
0.1959200372392706,3.6079004763726403,0.02286540143380126,0.0022002353630834696,0.9558073671322239
0.2740365634875942,2.3449928493513164,0.025710312330297497,0.00359020012161709,0.980493991147282
0.36983920219871425,2.382904763253974,0.02819811782117497,0.003680914924505398,0.9599368397607786
0.14931126930957556,2.680000293536924,0.010204213987662565,0.002225695251984449,0.9637582832008539
0.37916823619227336,3.9173538387205755,0.0439287634950788,0.00309811021429177,0.9587707475037507
0.4207338703038005,2.5643435952976543,0.049927412782458803,0.0049273075356615756,0.9837668490669753
0.22693758489890428,2.7140297326184433,0.010943902061785861,0.002935726340496201,0.961317791449844
0.337409014221822,4.317180986309853,0.02235981131641891,0.0010694547633542564,0.9648173879496147
0.21642947214320707,3.146628823866849,0.03883806672861513,0.00344262155667797,0.9324295317507852
0.18822039414611666,4.309920160833386,0.01569763907581966,0.0032260415382340296,0.9855653781979711
0.1842850906579208,3.9650170032834424,0.04101003630048832,0.001222007952670804,0.9864258453908588
0.43129182955103984,2.4375492738568187,0.03733960403200915,0.001227160726121743,0.9876358205399488
0.35920108842880627,2.070969675502317,0.04391398171119887,0.0030595868579535155,0.9675162122640153
0.34432156290551175,3.1193587104301788,0.02590645659345424,0.0035860765316744637,0.9853151381849669
0.406030675169352,4.111990116198903,0.02361661476708815,0.00362509651731278,0.9663662696113346
0.17583815930735344,2.1971507532757437,0.012702324163941762,0.003907532673825865,0.9439861247106194
0.330241836142411,2.0781025941008657,0.0454877480076821,0.0022726450080146894,0.9879651344574967
0.38007458095141544,3.723655211588967,0.015068944628076866,0.004528009106241002,0.9433732076171254
0.13510471903571392,3.6556242114019204,0.020031141020723058,0.004306040285649602,0.9430458550688909
0.1511050032683604,3.7011015287458524,0.03983544726883808,0.0026731611488487114,0.9315278433467002
0.3657794726721958,2.353571279811231,0.03324876342553412,0.004163396366877214,0.947576526760327
0.311842734667966,3.2341671364779723,0.04972388627624362,0.003266813611240584,0.9400036903357211
0.28551428452426625,4.4159844914639255,0.04478418565971436,0.003580360805578922,0.9577175829631948
0.39257810855635633,4.178790431377246,0.013317568285392841,0.003818849229093173,0.9480988592026208
0.12001781389099801,3.355682314862854,0.013747298665785852,0.0010140833084505822,0.942965050121386
0.11082428509317195,3.903770617421704,0.03876256104472524,0.0032756050161431836,0.9885229874241767
0.11619109867332006,4.380590788235482,0.025036625863834344,0.004521958771975315,0.9329068678367366
0.33105483146876796,2.5775307405436587,0.029829214592775898,0.003614532563950383,0.9834763169789602
0.20485910323694861,2.5074923671664515,0.03600864578853649,0.0027018266462842055,0.9385499221309435
0.16254985044352402,2.1455608751778454,0.043843477707994405,0.0027093327480902075,0.9839282573048465
0.13051284665611798,3.241881869801122,0.0337468378176087,0.0014206510995276888,0.9584862938086455
0.11169662540222296,2.271626969300213,0.027600000379145333,0.0026850449495342986,0.9337283381225878
0.21943427045917302,4.495417123204157,0.04914362251222552,0.004264164502243272,0.9801896495943798
0.19478031384919053,2.843500786346434,0.010992089368776183,0.0011324744444980326,0.9771714193413155
0.25210915312892923,4.162095061225708,0.01595444670040605,0.002477398495955784,0.9647088014210272
0.3914348355721283,2.3470765017754047,0.03412206680758452,0.0012681977233006071,0.9888085920504753
0.43719848815770623,4.497503508065373,0.024537086234953112,0.003487048355933168,0.9484260120960464
0.3958990453016533,2.6890394228592553,0.03540871848325821,0.00355576175964797,0.9844729533578082
0.10818355528705396,2.513539008288169,0.024879799236505892,0.0026099669283252804,0.9874697534780441
0.21284187055099232,3.0529313070736332,0.012837252433219485,0.0027942435757118632,0.9572728964954044
0.415763868814937,3.561711827319489,0.031148245299382545,0.0028205752035379288,0.9410933148736803
0.4065435055051211,4.414337973235254,0.0243210982536465,0.003159691370655095,0.9744018405739632
0.4233441911824435,4.074684549687786,0.0464645504148734,0.002613577610690818,0.9495779019191525
0.1802495896811955,2.601602699067171,0.018063150730994383,0.0033395075084658387,0.9839983332833708
0.3197343997109621,2.591110162940449,0.012566538076375953,0.0032927833029205984,0.9348945889283999
0.10389724220253335,3.29523487559947,0.029746789972491257,0.0021499763689747774,0.9711372450948894
0.2544567852461228,3.4188777950766545,0.025636382223366817,0.0024711331915781517,0.9573363806401938
0.14214104466099595,2.8183684850749153,0.03891158120435439,0.0018880842811284067,0.9310458002831667
0.41010211856903867,2.8929795738925153,0.043758563772047496,0.0017388020908365009,0.9610046952642093
0.2659592307000359,2.7395391862462644,0.021150175129327216,0.0036603219589585833,0.9456328693483653
0.10247207826051329,3.058365212137809,0.032354723461009136,0.0013658752679470553,0.9624240428972267
0.38810860979258377,2.378125877555105,0.03006115285932584,0.004829240342820936,0.9732684142341776
0.13208767494460585,4.017460500584177,0.03777982296916921,0.0036046317766621795,0.953158246336517
0.39470532353908994,3.870162855474033,0.015352745092509645,0.004293223470391995,0.9494685067486925
0.4036687487673025,3.9618512056402473,0.013573862816571185,0.00379120373652868,0.9898345455401191
0.1819943338504187,4.077743008180642,0.044492477553295294,0.0036393179772626744,0.9758723237118077
0.30611314470411655,2.5844141684357016,0.028804221725155517,0.003173600527135082,0.9475835128274614
0.272155025424087,3.204243444332848,0.019416053242351284,0.004514158652489241,0.956668019601659
0.19779193821817112,2.7673552173567977,0.016103112805112244,0.004631649329522044,0.9791041902262211
0.12781360470824998,3.9180767588033163,0.038263929655066885,0.00499400375442291,0.9522076630520574
0.13607070226627493,3.24322665842473,0.04446209343610507,0.004844338372899324,0.9547563671289889
0.3202337408806094,2.669457298979044,0.011470140172870402,0.0038476907066331517,0.9440694444725817
0.3969274164527963,3.6169628359550217,0.045431523949501576,0.0029564191437176594,0.9521130054432106
0.333219696072463,2.637986046071585,0.02649664588583102,0.0021806688073022214,0.9474465375832375
0.3976417445212135,4.3844169988249515,0.03719817626114603,0.004558920067975076,0.9726558347480343
0.11202965704320343,4.298146479061327,0.03086447459281464,0.0022653527855757056,0.9803913347023148
0.12731825300544508,2.0248870522629927,0.02346531105153743,0.0023048881954598616,0.9795357433452332
0.21792028598827737,3.4254988946572125,0.04179333612958267,0.0028750407007963313,0.9447353093902588
0.16093720935594666,2.5407350379638745,0.04243584582047164,0.0015711410508429896,0.9442362125709596
0.24883662980755494,4.266398064675902,0.03371293131038753,0.003522044996947326,0.9359773385951088
0.38539474070138113,2.2182540788498586,0.042738330399716036,0.0041238486191160426,0.9893334187338109
0.2716887114924409,2.993608670564589,0.03135054539313754,0.0033716461233200966,0.9811184558468349
0.23989184425421223,4.238454356160677,0.020145899135595852,0.001694772652694469,0.9551171340133779
0.34785661163136045,4.3252469158160105,0.012308174458165965,0.002782111088626427,0.9484010272837612
0.3642969418347278,2.785311355638021,0.010252644049971204,0.001130531035606506,0.9435862343607739
0.14551008842353674,2.699015672347609,0.011098885463747375,0.003785300723688675,0.9614991390692487
0.38840187989027675,3.471878656801752,0.04041684333079055,0.0024852729726497326,0.9469700236903503
0.2567108641351226,2.9577047250963058,0.048372574874732975,0.003690018434626486,0.94613185396185
0.44773949073586183,3.6145673663941578,0.014061651885176787,0.0024097172762812835,0.9865947112012176
0.4305888515218317,2.3167436471869345,0.010323781068060355,0.0023552239409574947,0.975787388750485
0.35455832808414467,2.6629592696994573,0.012617862482846489,0.004740272949326017,0.9321648215375188
0.4026774294929677,4.397167514594647,0.040043923307609475,0.0048053961630820305,0.9461438526182135
0.29829328018214096,2.420669481362836,0.03869916508081352,0.0034911586897960686,0.9766726207862274
0.2499448374036983,2.042179185038026,0.04742918899103666,0.002137319931663527,0.9621825877365748
0.3703621685159981,3.451192867524713,0.02372859291055796,0.004041875507025411,0.9571034041114065
0.42803240346113747,3.4315525337651454,0.016929344951918127,0.002606960956823481,0.9682768225375423
0.23646335970078247,3.610403093818748,0.020788680786635753,0.0015110340940018984,0.9828585463762894
0.3815963983750822,4.11620018719924,0.0119214256879905,0.004965422828461924,0.9586248252270247
0.3473008913829665,4.358225383921548,0.030776487202195404,0.002370566775288855,0.9588735406064963
0.4408790388793632,3.648906226079949,0.02382683523947483,0.004430568208349634,0.9472204153467012
0.44673036401403077,3.7324445557068104,0.025935732161395095,0.004839331684025825,0.9644582805685467
0.38325993075986853,3.0506962172766316,0.04564182845089753,0.0014365515104218468,0.9863131426831591
0.3974578428336092,3.9393111482766168,0.046636636376037856,0.0022504224996623213,0.9441872744363466
0.3034937971746199,3.6691227547159513,0.03216569703429398,0.0019810295489272843,0.9466675236783131
0.1024053985095492,4.190229832785751,0.04396063841745836,0.0045855125174436625,0.9487390270222714
0.38056717467226575,3.8224545778409214,0.024060230185220133,0.0032472742051838786,0.9891337167787772
0.10510101488893502,4.201966987732841,0.018401978199224074,0.002691756892746292,0.9654029992929554
0.3664190128145466,2.9420546588790586,0.026607160544002764,0.003546068040406552,0.9459174020778677
0.44858033342487935,3.789140209237435,0.036548586831737624,0.003081807306504138,0.971348126143085
0.3980207487897619,3.875758937167329,0.02942508905098029,0.0019157888449777647,0.9745189309932285
0.2705551183214382,3.166876372310809,0.02732714968048,0.003914497993894861,0.9764665054694478
0.24803642307066762,2.1345940985414464,0.022189607791364287,0.002977164383440528,0.9414204132238212
0.22604356307590456,2.589060779343726,0.049427444984809166,0.002490107866367338,0.9438412698847835
0.2533277006415662,2.168239938084532,0.014449336239715376,0.0010975239773793478,0.9865332121096332
0.29877367001327365,3.137470651527167,0.0430011022947105,0.0023364018433318693,0.9793988017362036
0.3171176466876499,2.797684201878283,0.01191580440085073,0.001418544414534454,0.9488802774794575
0.3048569628162704,2.1984848801403007,0.025096668921200584,0.002444144390948558,0.9364098258228172
0.13712317725939968,2.928865918527431,0.04472339789247015,0.0016341068163464212,0.9697156422251958
0.2853101112234844,3.4827327698970496,0.04801871260851748,0.004233801433291104,0.9415506732713614
0.2883608844107676,3.8374372146930398,0.014874882546842324,0.0033045758635581604,0.9740800079212878
0.3387823472255629,2.4242866878782934,0.03988662083972748,0.0021933467939565963,0.983441883877663
0.1256837085510717,4.210387177763557,0.035141359654249076,0.0014290203364547855,0.9630527209324543
0.25302334558323786,3.1070754942121908,0.0452295093399797,0.004801278253193062,0.9403801562508124
0.26647876796486825,2.5699674659692144,0.04441648587710672,0.00450687211600557,0.9435464761924359
0.41077468513405524,4.281524040644905,0.04537048530205028,0.0034451526838060746,0.9402904994673232
0.15505889598997794,3.6544621631237324,0.018273504342221008,0.0038793914504876388,0.9683178950629264
0.11274287953266,3.932445191346738,0.022796954064474996,0.003711959278135176,0.9716192292162507
0.16568308530488168,2.9798035765583695,0.04338386343124287,0.0012724703998320585,0.9707533064544375
0.4271707189270404,3.5994069537379634,0.01691835095556199,0.001102249767987015,0.9321132194764256
0.3759106520697736,3.866401045516842,0.018939721020794525,0.0016893891607349155,0.9746887192831037
0.15078569570363345,4.001929768663874,0.013327122939162581,0.003559456561445019,0.9583299230772433
0.2517332981080856,2.2947541201604325,0.04371373280670191,0.0043382324913867655,0.9796982874502518
0.30727874424403434,3.2384567024859514,0.011430665075956855,0.0037613221581936016,0.9575304311667249
0.23685154079582757,3.5021464872019124,0.045453332089461965,0.0012515296938076445,0.9894313154757893
0.2594748047385805,4.3384849968004,0.03339244055239849,0.0029370610499643707,0.9621456093457766
0.351131708784572,3.838054042511757,0.02653795343506158,0.004487352107038118,0.9343972883636072
0.3523558700143318,2.661352991334239,0.0372724257770401,0.0042516586361105516,0.9842466965277513
0.2991067372477986,3.0494676560330927,0.0340631124808982,0.004330412224692316,0.9757626197966325
0.19310872114049893,3.685644408841659,0.02272345019046694,0.00471473887518959,0.9845494864943254
0.424689778633599,2.435588179260622,0.047541614343534114,0.001122200678885408,0.9309491957120617
0.1149194885129864,2.598845977171643,0.03275193712791778,0.0014967703830931595,0.937294658763575
0.35341065084723244,3.31965772610744,0.02128679724665155,0.0046386023901147915,0.9610559937498683
0.2313172043515717,3.4675806472164856,0.041644308275149144,0.0023204089622619415,0.9827223713402428
0.368144994680615,4.419274136737748,0.013910975913456835,0.003831301428646322,0.9553171171003845
0.37686099683729435,4.0601238505521255,0.047500219712391295,0.0010729197530935056,0.9859931693820024
0.1548261921344836,4.288517398808292,0.031227262481123445,0.003812797213653906,0.9482387549311886
0.1261069420010689,2.148502961602726,0.019947816671924558,0.0035407334285938704,0.9534271978135463
0.24734110699512726,3.524714551219385,0.04342040949253161,0.0019727478831063827,0.9793207268145259
0.1541415081927511,2.700945416165964,0.02685263078521706,0.0018970353975875348,0.9611046629703511
0.40457120874353236,3.347589453224424,0.03010953027614089,0.002946000622260854,0.9756908473456771
0.4193728854076474,2.1398743589712454,0.03847435277355941,0.0034993734481804585,0.9320657534146436
0.2902024636143001,3.625666571142901,0.020402338377031426,0.00374177331841667,0.9315710938409814
0.2582179468647782,3.096516943062447,0.03458846868818453,0.0013273359366268896,0.9718831617180428
0.36501334365336213,3.4209832967556437,0.02977522947994171,0.0015431907536744489,0.9656478636897131
0.15544483742649184,2.5101721816352587,0.040118441828810386,0.0044716703668511455,0.966682367384918
0.41449761281222164,2.567467036488842,0.04318479414935005,0.004972222650065568,0.943284449138148
0.14675732198941963,3.005219618191144,0.04244645853122536,0.0019319618841395975,0.9772252223216262
0.3858407706424295,3.409564010423379,0.01677934080657777,0.0011048390951659405,0.935257608323308
0.15647312229388316,2.4263460480724754,0.03597418204371941,0.0013876356735337896,0.933176595218209
0.1598851183353484,2.012517741112342,0.03616954299490045,0.0011488232036880454,0.9542217836906303
0.3115803301349933,3.6344695067362345,0.034933669919831684,0.0012824491883698815,0.9364471203788961
0.23294439528049574,3.81355703492667,0.04771426761902157,0.0026827561771563696,0.9870969051435586
0.17213426600551973,2.320206151619103,0.016701964550005464,0.0013477391498361807,0.9479608093817361
0.3155156129061685,2.298642974438982,0.03421091596804593,0.0037306453478737935,0.9655973491128181
0.2609178269544981,3.4594549066907785,0.023404924464200838,0.0041553088187452234,0.9323175885622991
0.388969390600995,4.450618959758519,0.017385202243909402,0.003117075221433791,0.9822940063898218
0.3343651809945414,3.2875049206232183,0.030131483349193584,0.0033091909346415877,0.9582904822775032
0.357987648548994,3.567724806769559,0.018297637456652797,0.003693691265599029,0.988186568310981
0.19738286132457378,3.824149913965301,0.04604992714097204,0.0027246097094945844,0.9424281858247228
0.37344909235003254,2.9447389860683977,0.046518384398459435,0.0020802576639358536,0.970034652242194
0.4388178800825814,4.18008318006904,0.03737432027039115,0.0022995130879239073,0.9571979353737937
0.14813093572993427,2.0984692367479663,0.022890411456704094,0.0014619498734059048,0.9553235496853851
0.4096224431432607,2.525791560353782,0.020858900189748817,0.0037506594176898414,0.9397915698355659
0.3460293574456351,3.667386564401924,0.02457096465678974,0.0016431542342156386,0.937236607947086
0.4183334783388788,3.6639297289100368,0.03384758694451451,0.002923529970403651,0.985384365057908
0.3690507913568436,2.3975949975988544,0.03933574493329211,0.0037661623018921883,0.9374943704033095
0.43324328480467855,3.498818116611698,0.04156769054549654,0.0023022824444749084,0.937721603371356
0.42115304921550933,2.8976128775608467,0.01958103561977116,0.0039181435474836684,0.9423498127683273
0.33390547606616183,3.115578287012712,0.042682784822077616,0.004398296239058875,0.93125833308486
0.17016554834146444,2.235935957737887,0.037572471559732694,0.004274893988962093,0.9477882022705777
0.1726780076670308,4.217153460598762,0.04693665784880702,0.0043702009003870265,0.976817979203802
0.3252671849436896,3.623078691942718,0.02103003732415339,0.0049163739771460515,0.9704494155363732
0.33032223932585236,3.7487659919378347,0.026189463928359392,0.002228814021558701,0.976729999083669
0.15384611622448646,3.0765818410730814,0.030324022284957744,0.0035501657395669924,0.9651301167323418
0.10620345559488724,4.148201304360717,0.015365284789090753,0.0016224903979939755,0.9734281816846787
0.14526890302110046,4.335560614056243,0.025388549642459513,0.0013603707541923382,0.9311160502681338
0.26767960508642064,4.082626806213197,0.04816084834543036,0.003254794067774648,0.98825759914825
0.4071209598510612,4.040831801925323,0.0198414128357849,0.0010387236578217793,0.9357892909956363
0.3568899474225179,2.2674138641838204,0.04696569850176478,0.0020060624305839776,0.9769929116937768
0.16415897669514798,2.150745207433202,0.03606167263373076,0.003191034873934143,0.9548602699816554
0.20926338720176202,3.9367785706111658,0.04315358674154876,0.0032108331198671134,0.9824551089551882
0.2627176253133038,4.385653133172983,0.03623800300561761,0.004079788900783223,0.9755023607413217
0.43560253055945375,2.4641451425796133,0.022279477177731828,0.0017742586143136736,0.9765033381689594
0.26049405425868954,2.4750121967267193,0.031925189005620275,0.001182789535479564,0.9500734991151684
0.27464818049338346,3.690501117921891,0.04113525633336057,0.0023852696950822116,0.9804005740710973
0.2379621445634453,3.8437670784736566,0.04001947434440022,0.002969902118104214,0.9625833846978251
0.22993511221496546,3.8040597165385055,0.04678893272843737,0.0010341573844400594,0.9581870924832954
0.4076333037075296,2.3701768715655933,0.03760687423139948,0.004928295716497264,0.9567002600196254
0.26991686189847675,2.5372902300485594,0.018797234417660687,0.004211800557381474,0.9378700204821733
0.40321760665672146,3.631273322665008,0.037024983471177685,0.0030268574333453895,0.9588412691134628
0.22856079345732916,2.5593678335354584,0.013933615934167254,0.003518873726470137,0.939283005571478
0.34948886153295444,3.8175373631942744,0.029108883592432674,0.002516303497848548,0.9855018406556553
0.44448753081149217,3.103658458529388,0.018323507016427328,0.001813051033181668,0.9732558286467855
0.32984305776258366,3.767959262824199,0.032844820708333736,0.0020717923401636267,0.9589456928401455
0.21684038515081408,2.8254796887107023,0.044069524646726095,0.004907404886823603,0.9646204851803722
0.20454052022827351,2.6795481596102593,0.03307145577701938,0.0023425774062172068,0.9496747620364135
0.2008126335730441,2.520821454012647,0.04266272422273075,0.0017448637868441906,0.9401781141466623
0.44165626704803784,3.1111081224131256,0.010056101967289644,0.0011159604438525197,0.9735233923196829
0.21320999795838283,2.122713930192884,0.015615206735245728,0.004220036858159691,0.9516294310770091
0.38485071701661744,3.2479665255741876,0.03901279803213526,0.003797229732148665,0.9880319778941397
0.35698502532800624,4.03932549167475,0.045803158570931014,0.002169454764642564,0.9800898326392937
0.14332781594184854,3.8821885574592345,0.03127994842136418,0.001603983900432039,0.9739860546538402
0.2395175678434307,2.0365041807333055,0.0329293817982446,0.002504371673027417,0.9896576470197215
0.3378608845918021,3.403516520525179,0.016292704708947527,0.004494434449577184,0.9457144972037004
0.2789027199042564,3.9550610917759323,0.029233358307855707,0.0027673544659808594,0.9574247042668107
0.4190303762669759,2.7803298798290155,0.023257824853685306,0.0046872176144134485,0.9790226014029499
0.15281256666149096,2.7361709177228764,0.04144219224672179,0.004724226623297256,0.9803375611196276
0.1506801890457788,3.071429038063765,0.014386756847320391,0.003199964995097937,0.937836877432042
0.4256683634896218,4.424637794460372,0.037050796952457575,0.003054355883373195,0.9642108070896367
0.13273559705806812,2.8603552662702687,0.030027232624788222,0.004755225368663343,0.9780197890182549
0.2485902359885361,2.237534178029388,0.022146294813191005,0.0035652989620854544,0.9310165722400442
0.10687979945302216,4.1242725945943555,0.04884976947639247,0.004575245827191952,0.9728300377902117
0.30141223449064686,3.3366631284765242,0.02834404632524498,0.004358060308026697,0.981163767347663
0.4454902108781952,2.8032518903162185,0.0326762486878475,0.004326111303264179,0.9578394210583552
0.28251871395463113,3.58187991693722,0.04203001724736921,0.0016767480121688098,0.9592631622169426
0.2061072229125085,3.5732288023145973,0.01081172438194611,0.004984577658248615,0.936046426582794
0.1472684454105281,2.8224752116296883,0.022604970068199413,0.004793250711353885,0.9515782909467296
0.17603349913096294,2.242433254482874,0.026934934682133378,0.004624641420576189,0.9480355548467283
0.2105463563914479,3.2613950778845684,0.013366598442763849,0.0049916661380475435,0.9336623384174402
0.3063174848379697,3.1769025719059063,0.019250425978401133,0.004980799143665215,0.9394465521136337
0.37548449719645305,3.5870169964704375,0.015137041655586148,0.001605247606902212,0.9886662095398469
0.16202023692888007,3.3864164066213593,0.04576804215188399,0.004600989389238067,0.9541068869952719
0.16316876824697812,2.4342825587770434,0.013468801308491228,0.0037229168027679326,0.9694100461990223
0.3540767133452194,2.972820048350326,0.02950449721426321,0.001491688037088062,0.9366453310516359
0.15219149225886064,2.1556119352972445,0.026700053033863864,0.0013099016311479076,0.9591750496993239
0.27237558515733307,4.229955989690905,0.03140104011589397,0.0017653651095669548,0.9336563567999179
0.2667455707953239,2.8330861635057727,0.0436638578274211,0.003803894503446354,0.939660124235544
0.17847557442322814,3.1015242043401594,0.01325530665806802,0.003932742203918772,0.9702913388534289
0.30833175850513356,3.707176053247877,0.017413294768576396,0.0020139896026014994,0.9861367918632915
0.25639258494448847,3.008251513110757,0.028460792600642652,0.0013733987812096283,0.9792096778298226
0.35502583026549683,2.4953428907313233,0.023535092519457186,0.001933642360125271,0.9845147897832963
0.26477400849173366,2.8504026542862557,0.03585915822222265,0.0018007964433814925,0.9808439260834902
0.28634161873212427,2.9355284096526075,0.022298499180925573,0.0017177127739018405,0.9638447435324065
0.10198947550026688,3.082278029971476,0.03661317489018279,0.0029268928877286414,0.9452064787351437
0.13539043635446238,3.5373299593324843,0.03817890646679059,0.004555406011523974,0.9773331966145431
0.3425943058927444,2.408565718608019,0.03926645365773801,0.0012793147270641937,0.9409566452371628
0.40054325516851974,3.7193920887812135,0.0169814777429631,0.001160277939593288,0.9521711895868671
0.4345000062712687,3.367639001499522,0.013547786226504814,0.0029628474943185225,0.9749475483460288
0.40028867017275116,2.6940835272473063,0.010463270639763128,0.0035682118271137234,0.9400974235342804
0.16794009524767367,2.076264190205154,0.01864318368147015,0.0025287107405941476,0.9455036076908203
0.42496158266871265,2.9920091375672495,0.013840612776667264,0.002898278340700896,0.9394199628903632
0.12495473784761241,4.140540351590349,0.029665798833706715,0.004959954237684942,0.9628209112225501
0.1070399498642974,2.7211646857677874,0.03477589282043093,0.0030027208366106496,0.9548318511212021
0.17915037468892492,2.2100795461372593,0.013413014578018224,0.0021027442198828642,0.9899195354845508
0.12281157637798647,3.906802596420458,0.048263355097114755,0.0022218043615152136,0.9620941354083764
0.3413749484519184,3.3213018654889375,0.03782666134540883,0.0020623478860451686,0.9701867634301146
0.34956078817813263,3.0129018214273016,0.04900020697473067,0.004142033444411573,0.9301574119159223
0.4410897085557871,3.994730269042989,0.032467755820532095,0.003280150266116806,0.9848902402197972
0.33228496597834156,3.389247046255829,0.01936502117084023,0.004824076715331681,0.9519852387071718
0.3519092377969403,3.275587557181317,0.02751746727099666,0.003468580991884165,0.9871351966224304
0.19938286450688614,4.187506110861126,0.012143752947018707,0.002217428694261501,0.9688344590326625
0.2336853271444185,3.055639883228528,0.021968434995390786,0.0027626418729659163,0.9615657954277199
0.29708636188912196,2.916726030376681,0.041074784363367284,0.0037124768453014514,0.9696576644316544
0.22890329892658612,4.377841170142521,0.02330266727211336,0.0015359485346689672,0.9856277106345298
0.22044867037319474,2.7043574881452805,0.023892077471550272,0.004764458884284667,0.9549000340229497
0.3230950121909882,2.7082383096068448,0.020449022210897227,0.0012452242841279363,0.9491153767062335
0.41202039582045147,3.5382275943777026,0.037419509199431426,0.0020339561677095476,0.9691536395586224
0.4349296859675468,2.572029525944837,0.027198317588569346,0.004748527492135026,0.9417037617882851
0.44249229792869393,4.307097872677692,0.02136656576831742,0.0026578410323401707,0.9350287345271675
0.1115220759269528,3.6470661606319075,0.030203906621872292,0.0036183720261624467,0.9358350404113744
0.1385920341954837,3.3986810870275526,0.024160724575168116,0.00456042196454821,0.9448543995335896
0.16468493471943002,2.3918290639546838,0.041245477232121165,0.004301235984531734,0.959060345621861
0.156121736841552,3.735230916084128,0.010191970784238755,0.0033524117507265066,0.9504081510160004
0.38993729690304557,4.166105918984079,0.01574219545112135,0.004205466532829537,0.9709147376686853
0.26702936103385655,2.886231713087581,0.04701177147448149,0.004883007130953026,0.9350483854482868
0.36344026772745486,2.115060380065627,0.03642072771357159,0.0018831954288335727,0.9488031795797134
0.2570242683182885,3.5322183464897376,0.013078740953648596,0.0011534102849660665,0.9623738561396933
0.11833318505955563,4.36917218233196,0.020175083424484777,0.0014436066441528741,0.984029492463893
0.19488398028643417,3.063507930316846,0.028650539880743682,0.00370632456383643,0.9434841476190663
0.1094971252638691,3.4669140807069727,0.027715473688782626,0.002885578277734297,0.9575454318154476
0.29539216276203617,4.235573306747529,0.04028595097225288,0.0020745459412148115,0.9600979538475458
0.14711646411688406,3.043396967128693,0.043550649967118764,0.0018210555660405536,0.9664440987833005
0.14196106363976996,3.526121537862203,0.03331829571937628,0.003836721868478795,0.958683842432304
0.16368953751597687,2.206717822704367,0.02802167757425754,0.0035927795700794515,0.9799098233661242
0.25373833285026964,2.5485020102733804,0.0340031127842232,0.0041561924573832315,0.959965297272325
0.278170340470613,3.941096585839973,0.03191502942796463,0.0018359191072251872,0.9568982450107334
0.20845375792289872,2.7605107401043405,0.03427724070182688,0.0029878729294041447,0.9463961409053041
0.15153436327177175,2.0289655726000753,0.03573272456771774,0.0013588055429375094,0.9419259344733993
0.2360186140812853,3.2900703352604888,0.02776317857944218,0.0018876966054474041,0.9778049336642162
0.18007568596038384,2.8378475818809408,0.019821643394699964,0.001723792282276401,0.9832659072943258
0.13230895233276602,2.630972200196159,0.031551483197773046,0.0012673113625311558,0.9420861891769625
0.38185678890098684,3.1295776487423086,0.024090238631384573,0.0013057817249083259,0.989068104206913
0.3077529834216691,2.622552588085643,0.03496433859471727,0.0020084078692877427,0.9837080218952694
0.21907494145365214,2.6060762476549604,0.017775485782165583,0.004658945162056854,0.9658785203053472
0.2611741415575861,4.477094016179703,0.04211747515940826,0.0038606192022304533,0.9535227668073115
0.3236160146193523,4.40002391813508,0.03509934620254817,0.0032030602684237235,0.9798288945630491
0.19200032416564466,3.344177905688682,0.016666019720069553,0.004239759804582596,0.9445604961132519
0.33291824350066246,2.498091326209259,0.015558484695712981,0.003646999876353022,0.9678251860811435
0.22268367284382265,2.546614533668804,0.03613779694409937,0.0025365101545138124,0.9779442271518463
0.36238076793178575,4.331830437819094,0.02189578913348943,0.004334223157610652,0.9607968711525706
0.41559719096902037,2.0443542999756437,0.027077996028582685,0.003145781771044448,0.9763040105591466
0.22533812369033637,2.9802964302688824,0.03471538410764584,0.003736460048799879,0.9507919476262023
0.3133951064439417,2.2886276139294304,0.04638330439649445,0.0016744049683620912,0.9563113117524463
0.22136297145187145,2.9140349923956745,0.023199826056701046,0.0021240031137645995,0.9379610356091495
0.2999009535315278,3.2653395321099925,0.015596574619268477,0.003100903820442917,0.9705829940925381
0.1651369699646883,2.719786002090438,0.03396917409031375,0.001709439213516144,0.9872063577017907
0.35616251142240585,4.219060584661053,0.014912647521355245,0.002511353829197856,0.9693195075504858
0.2829495466138694,3.308781930148112,0.01468796425595541,0.00258225183553488,0.9422710070532986
0.19671169746269462,2.8626848533025324,0.017232181472797394,0.003735435401059347,0.9406532158514682
0.14346108830604992,4.35503003406207,0.040776318161122226,0.004456152934946891,0.9579055388611352
0.29217238253488353,3.9897736258363974,0.04119981005737276,0.0028194594933860064,0.9345466354814412
0.18357438195051318,4.1043118274297985,0.025588043548916667,0.0026293244539257192,0.978410692969317
0.15961630159066603,3.511632064738226,0.017491493575013728,0.00306130611434899,0.9524410450125833
0.3875750813426512,2.560788283572742,0.03148795444878537,0.003477262601051474,0.9639396210569723
0.3200892908874704,3.815627065738486,0.04453440846536173,0.004688507826811865,0.9303947519776624
0.36737074607485387,2.4529538147131067,0.029866350646277774,0.004708491989427073,0.9447795117929787
0.4058635761558689,2.0530932428630617,0.027118068997765844,0.0046349450892105085,0.9661004137333461
0.35204867733803835,2.137412874318005,0.03104775014178407,0.0028375440135663026,0.9763217845836144
0.13330115570361206,4.492946883687702,0.031001008596202848,0.002457172412344533,0.9367542552382924
0.33692940351974837,4.491056323677632,0.048976477830493574,0.0029527661294989956,0.9325820261766236
0.21578331120458596,3.604256716597713,0.03268324616484668,0.004032304927677387,0.9699185350019361
0.26764133917746014,3.236103598873183,0.039949792939339056,0.001214711260643296,0.9830806735199503
0.166019921322289,2.89240763824175,0.017532860723763654,0.0012556585149668211,0.954003131246221
0.20985584119710932,3.401706267042718,0.04491180296871947,0.00255116507420123,0.9797474780892005
0.30324721752249806,3.6444696713395714,0.032423074063245697,0.004109843300584193,0.9593527862125666
0.14602900844719816,4.021276673282433,0.0448675637619188,0.0015914544662940498,0.9604869447642951
0.3416778951602084,2.9094461348584266,0.018550192666152765,0.004100916485890248,0.9611586123200936
0.14100528167443868,2.374592968740876,0.018800428049640352,0.002377360054024521,0.9624719898864521
0.10482951807191303,2.823371908697423,0.027204369495960674,0.0014025313919331834,0.9606435236996733
0.2522819877602181,4.034062004298207,0.045865659613463394,0.0021181883089658017,0.9595634979414485
0.2234092875039026,3.3324597936558997,0.027440695077404022,0.0047875003687493835,0.9425090117189246
0.3932463433209633,2.087408574518383,0.023872757348516287,0.004340339036258908,0.9779074146568074
0.29267560298346385,2.919351508810662,0.0312846659466556,0.001493420075184778,0.9473904021280736
0.3506199729465781,2.75431425173754,0.014535231190638997,0.0024489694564792408,0.95370025981903
0.38250376305457034,4.345327926234159,0.03852912608760481,0.003938749195280564,0.9622819827829044
0.2614348150066683,2.9208075780267775,0.04615369180541057,0.0015242551627153477,0.9486401347184152
0.29160045192997736,2.8128066420880353,0.026824348828280664,0.00326899551584201,0.9544373267685783
0.31039751981279207,2.9481472714188905,0.017995411215727532,0.0038414360692354535,0.9791753968924299
0.373126445294638,2.19144087950319,0.026094606153251487,0.0025020364602716394,0.9573630074377945
0.3810151160821942,4.370493513848871,0.03039736724061537,0.00237258194820486,0.9668137805151893
0.1520467612213773,2.648622745900332,0.016355331841616853,0.004441382383041488,0.9729855998859098
0.362129061094988,3.863537209596804,0.0367594442037333,0.004433572781386189,0.9381570400002497
0.25965663561143426,3.760448306550183,0.04332021672349106,0.003417315386692824,0.9724198015451371
0.1614191365242734,3.7543412338538182,0.02305360482147964,0.002043799842411845,0.9633070522211181
0.17135068765274963,3.9249984601200234,0.04223654069047922,0.004651133534303837,0.9684606328742653
0.3023373571750133,4.455978555023485,0.04493653569627102,0.004789486014832673,0.9583973738775481
0.42772872394896844,2.3818449332360845,0.03283185307914552,0.004093526564228522,0.9506762242284715
0.2657163063604987,3.8874165715319227,0.049228734776306085,0.004849633193903314,0.9525163370075543
0.10792119650018468,3.7379757213302085,0.016189822766768364,0.0029801693149422662,0.9717571751798482
0.2467392546564919,2.6205885860604163,0.038092897411874285,0.003074724145322729,0.9888877901563888
0.29630780052184696,3.3238366989990507,0.01237983420969252,0.004732928757618866,0.9530603942153872
0.27962438768141384,3.214748180607363,0.04608713781688584,0.0046983890499872,0.9625580234062054
0.12843286228565548,4.013862947115521,0.02116374478185343,0.0012416600912825394,0.9847356038407558
0.17457751497069118,3.361069402207097,0.03176761456646655,0.0010099297003004091,0.978278184445738
0.3903515746100411,2.2690086833732526,0.046674532953804755,0.0022711398784533163,0.9622283779233333
0.41714863692479875,4.1224824372625335,0.02252696491809606,0.0027330766970864524,0.9807085285297664
0.15443289500038598,4.227378123694368,0.010898767537964689,0.002133754777069681,0.9755794418505136
0.19557897530712592,3.7421019169606655,0.04062831481231321,0.004118125856079825,0.9805290713000543
0.10294525809265416,2.0930992977825604,0.04720471998076298,0.004951162602646299,0.9788431888774908
0.22799589205355736,3.1945782770197866,0.04422341093403059,0.002751213223094896,0.9887004090252016
0.19830579623246342,2.528348151755916,0.0486946512565318,0.0034251156657762525,0.9493693810212944
0.3893862970251214,3.160869284004281,0.021848285137984445,0.002233482977156492,0.971812237406431
0.129814160493912,2.3247875811467766,0.01493192548346461,0.0020793565060712076,0.9318122047643393
0.3272851509394672,4.3138606584316985,0.020278161112210535,0.004386220243891531,0.9411125651867916
0.4384551753002893,3.6993594436624946,0.030258563508348484,0.0026534543958363138,0.955037103621134
0.3111519946901765,4.353174261333082,0.03963569195715365,0.0031106792781555336,0.9725921994199107
0.12433548157692544,3.0993463787274163,0.03299994050619773,0.0040608698875187225,0.9448972069194871
0.23095717498369192,3.889366629091696,0.01757105121089948,0.002669221433809533,0.9397292832492502
0.44414550319478263,2.6027556777359644,0.01812248277556245,0.0038742622049823157,0.9561876733586524
0.31098680874355983,2.062530766029951,0.04330956902301276,0.0011894594315614107,0.9642959893328422
0.11720482888172662,2.4555025070758103,0.03969395110756632,0.004548155079418669,0.9361354280699618
0.24433541850115545,2.9654438390646574,0.011832642320086934,0.004425688086991099,0.9799404972426847
0.2691914543752391,2.910086956806737,0.03030124756224132,0.0028282221105382817,0.9380082519679565
0.17163721427258777,3.3522025271079334,0.041557705066103456,0.00483397587494179,0.9644351005181951
0.28335306387068304,2.4681424960763536,0.02097835855224435,0.004217497201490162,0.9844031515418629
0.24165039492304843,4.171325378783843,0.03920738176814732,0.0014476986562213323,0.9413294918054448
0.13388051282527919,3.000434095680797,0.03410854905731343,0.0014746005373281615,0.966582066067049
0.23179158603064232,4.240214715666944,0.018179214559462694,0.0013382259754641005,0.9870365692447713
0.3835738956444692,3.951325203582611,0.02907410104275327,0.004893619731709178,0.9387518482651871
0.4468718502279948,2.4455941930211784,0.014146349836632013,0.004321098827005935,0.9491651644642258
0.18973315009784134,2.009536798182102,0.022111059602649974,0.0021092849409544163,0.9519435847919906
0.3409488006749448,3.2547395526798244,0.046811841390945685,0.0022137213261590486,0.975136460944938
0.13808649970816667,3.1435991962958827,0.018494188633048067,0.0032132908455701575,0.9585128960885022
0.1007742737788573,2.005610809202051,0.03092936304771901,0.0021881589326256854,0.9419879496068725
0.24009622407141037,4.205350646530566,0.04084311882604879,0.001392934590397962,0.9721328091014149
0.44971187559239423,3.341373427963946,0.03500294741702612,0.004412929611802162,0.9437618614489289
0.13600811354393016,2.06759838153672,0.0459834913039855,0.0015199424802704422,0.9639983695715985
0.372833453052276,2.6425081429347776,0.031756092889596396,0.004317772876359293,0.9607410973163026
0.1924972818868204,3.0618037646340626,0.044179334036834855,0.004028474240420753,0.9673382847888959
0.1499146506083197,2.7944552538712197,0.02532637240190392,0.004464514794475662,0.9770505443538963
0.17703345555459452,3.7108330597432624,0.03793383980789533,0.004198505904245104,0.9783410858887203
0.2714224545702538,4.323239917279311,0.012172720675745763,0.0014644412162160526,0.9694610727168388
0.3260552694547441,3.8831604120963927,0.03311123932839285,0.0024003857543426835,0.9873883884639613
0.3442009851581106,4.076430341491015,0.04746806561146163,0.0031677363700573303,0.9431441131208826
0.43642523473546735,3.2690302114566197,0.036644848021179885,0.003163129090028706,0.9781006080378821
0.24756406247699722,4.410974833567807,0.013833341956309123,0.002914481995764816,0.9632914660403773
0.40779490171685406,2.122172787206111,0.03349629668062218,0.002019035480079143,0.9604458894458763
0.19280098587564723,2.4833315412934187,0.036506168631854734,0.0028547271801966667,0.9520375353610383
0.30048486339229424,2.755544691233534,0.04933042166929371,0.0031043171869468565,0.9539680652011875
0.17662323072014785,2.4322633002976257,0.03222952045592674,0.0026673581020567067,0.9868019747439019
0.1365255732984788,2.629589463767711,0.015810829198496676,0.003036331560511589,0.9369495881878811
0.1856948484754401,4.4686410935113585,0.0489014057161682,0.004416979315656772,0.9697625322296586
0.17342685857645013,4.428604289354473,0.014621730389468577,0.002845773544353067,0.9608848017277047
0.1661899823876739,4.028780082654702,0.04777407450336111,0.002692421183860214,0.9778485478868878
0.12635359582554434,3.7156524289283843,0.012342195519321695,0.004286225954794715,0.9554622086079905
0.3601120443920266,4.135474209327926,0.04325613388862885,0.003880253408809831,0.9476850668510317
0.10535931859661252,3.534883669707634,0.04795003654945831,0.0011722154035931779,0.9469946730391821
0.32818278918525323,3.9336871776311204,0.02250968113702271,0.0018467756078301232,0.9578670387784634
0.4220445991268379,2.724613572448529,0.03099174288915669,0.0012905516771111688,0.9543534111150292
0.21454322960342542,3.8682374758188325,0.022962599453660488,0.0029116367268750753,0.9523888268399041
0.3737597684859062,2.0018437243712714,0.015908821350030976,0.00340129195683525,0.9545585822489391
0.3250173502420426,2.108770131963627,0.03237152616463813,0.0015145355933034415,0.9560060349313824
0.39862160695946536,2.08777829026447,0.02475088909546613,0.004308522915331227,0.9846614051419865
0.14155635934469418,4.483360416496532,0.02783356856421044,0.0024354382442547326,0.9564107016955186
0.29809843624716614,3.5906511498330924,0.01636499411794104,0.00120543352056851,0.9460728677441412
0.3156500623186723,3.039065525030803,0.03965705216564072,0.002943091408609499,0.9420304149287366
0.11416580375198279,2.090471943207623,0.029464154181924045,0.0028810268003527364,0.9789224362362067
0.42912268046771795,4.278233789904715,0.021535275973514536,0.004661845646079604,0.9452956388039362
0.28488848779413245,3.225000326669875,0.02874407189110644,0.0011779219933694483,0.9868565765762848
0.22232523143896465,3.43518256414006,0.012920298039118176,0.003177701174787096,0.9410289267066375
0.4391775479289586,2.5951948045780604,0.026071713241141645,0.003769930992628929,0.975381840602446
0.3667667852333314,4.168816123213995,0.04217510905686858,0.0039300535103107504,0.9851908979672485
0.4298296405089542,2.1069845491886716,0.03382155408923551,0.003972873927282871,0.955415685328495
0.11712610215948846,4.087714645722832,0.013007140281279406,0.0016824549287242896,0.9462860996952155
0.28058202370812196,4.35117058809475,0.04841304619950915,0.001320717842501856,0.9761498746643875
0.37859922784435684,4.466349808989828,0.033611578245435106,0.0022618790798284113,0.9615341468849492
0.1728597465825471,2.387038079313336,0.04282160275496169,0.004722585634743882,0.9809819545409592
0.2246958804511539,4.153810775184253,0.028257388478906055,0.004400890726615975,0.9761060311263274
0.3142268694111318,3.1547841277368676,0.04037261890234733,0.003398091358412337,0.9862213075124953
0.1349943665059855,4.4709700735239695,0.017331346771123902,0.004008521430349809,0.9343677264344143
0.12533070809157443,3.2176072123657953,0.04357228506075839,0.004422077428965266,0.9634350126471546
0.10454309016042937,3.6383202525587164,0.046438019847439345,0.00406591962831406,0.9444730513042844
0.24124800821321402,2.0825537003965118,0.014581048442243224,0.003243894559291986,0.9628914179903246
0.31507693395464054,4.008808951623806,0.010365262574748879,0.0020525922953465387,0.9384175622204557
0.16070586684983787,3.475450932300599,0.0202007381436159,0.004501728460584293,0.9361137815810455
0.30987806100166193,4.057065942958738,0.027263480009161407,0.004890451507730599,0.961944167750612
0.1311477912739998,4.311221498974821,0.019896631343988707,0.0018298691257150705,0.9404826089459377
0.3868385236304016,3.0795479837429274,0.03972274274155075,0.0011261651192632617,0.9390118017679706
0.18246914262097425,3.6521707314251266,0.03904701346218114,0.0019073279129934693,0.9407225185569823
0.21399111109801233,4.080850609156966,0.0184616833140257,0.0041895208599161795,0.9618074425302954
0.20214063493170714,2.3972658931969786,0.031461946643728374,0.0023317292890796763,0.9787747628925163
0.28407917486696804,2.2596292658569013,0.029014811237475964,0.002493272253101902,0.9737134222471457
0.255689702882561,3.89132727824645,0.04526384223803912,0.004073848564498415,0.9368468501867843
0.2881099925238342,3.284667965693102,0.011771314894204302,0.0025696553317312264,0.9686285649726724
0.3228537184714522,3.5848178879943022,0.013101057490729314,0.001851678111089842,0.9485873996627484
0.21547752976391463,2.26364594244293,0.025553085599041292,0.0024174787593925816,0.9890004024892151
0.22577844517904255,3.7268919506095246,0.024401833950446195,0.001057473675279062,0.945392383537529
0.1638816425393906,4.127671775835287,0.017652513526477225,0.003233800934722281,0.9650153972372879
0.2385171267009787,2.954145549198769,0.024223930126985208,0.0038955435986972983,0.9784270324327788
0.23067318375133322,3.549806607194033,0.03977082890834326,0.003066072337831449,0.9478658811880163
0.368551449445745,2.4154962573175682,0.01520391017881336,0.0018788883131367362,0.9748877337675275
0.379448534915966,2.125147321677172,0.04412727114367712,0.002316013355486044,0.9688916381170246
0.36990797024759114,3.852115961771055,0.04457463217342413,0.0025946202694765693,0.9425776040666225
0.1215448422010626,3.2505944062040144,0.015080423547191496,0.003989824026271543,0.9538884812144137
0.14791674313703002,3.9848028198553935,0.0488004925561548,0.0021762968536241057,0.9723553198572773
0.21121903984548382,2.4523818316372137,0.01745382191297019,0.001787380482858753,0.9490392295029624
0.326999461211963,3.14862604577854,0.027311875363618864,0.0018103268594673798,0.972773326534686
0.29590737126039696,2.0266499591977163,0.02665669214337773,0.003437734441241138,0.9402317864675036
0.41970513099614104,3.307316129122865,0.03388388245560572,0.001684097083975448,0.9807928769187083
0.28463770301015456,3.4281452998723423,0.047379149003159746,0.0013908977717756192,0.9736125116057652
0.13400098438762328,4.054607270647535,0.024625822843601996,0.004681955453298897,0.9704206223471583
0.17069968345464465,4.393386378215077,0.03896617580331997,0.002156494504908013,0.9580499578758015
0.20888526679592517,2.6573863627610796,0.04232070538148226,0.0026006642163378,0.9355319033177096
0.4115613084095604,2.880668248790986,0.04181450911382316,0.0023928355319708366,0.9859247410518331
0.15684515944410543,2.5382707410231826,0.041998860962921755,0.004879181050424992,0.9333540484910188
0.2775246737215991,3.8096037265901357,0.025779701908022604,0.004641942217546828,0.9793152426522134
0.20163623995518065,4.158371715539104,0.017315085502209795,0.0034567911405319024,0.9657943514871277
0.10380271067706347,3.7671530403382936,0.011041488258792321,0.003535590525700205,0.9377457451003153
0.447953411520129,2.8593705106999288,0.045185789776965024,0.002241475488127728,0.9527269138655285
0.144763857960932,3.0153668891580185,0.019081074138428564,0.003140712717121598,0.9679765593478351
0.21360069626693495,3.594091914192755,0.012036002763699809,0.002461524020395473,0.9513156799830047
0.1280816241579632,4.481554593237821,0.04988203390654172,0.0038115496750919056,0.9654996145624777
0.4328574811077409,3.1697969900071152,0.046167826084090056,0.0010179011423749474,0.9362391013960024
0.4260455687280067,3.502676331371185,0.013150835421733304,0.001381301714745103,0.934493166763626
0.11259245494000372,3.191852545929079,0.03449471731346534,0.003405571897312625,0.9683434719989327
0.29384213468335824,3.189718664371522,0.04916350667886577,0.0038350853363457366,0.984184074887623
0.2639235266530894,2.53477503290723,0.04805765580243418,0.004592460928349874,0.9738076826996581
0.27018485464843595,3.8325639984132174,0.011029531543404617,0.001957970619752975,0.986654456858038
0.4274093306578972,4.3492341669869035,0.02126576974653898,0.003041321175969339,0.9635839921026527
0.29306665500167495,2.9876459143059333,0.02505901830842424,0.0036721782442086493,0.9818505353156041
0.12454110784212376,2.9867583004030323,0.034162220889224396,0.002552574757496477,0.9678864656860209
0.17767960138269284,3.2018462552038884,0.02810684404698162,0.0010305600008414578,0.9630836322424278
0.2781458285028286,3.230465490688726,0.022405615904137352,0.0046042568959144305,0.9815497786379852
0.2220717473808078,2.55549112774755,0.040327087287167,0.003608229258111692,0.9776170999630228
0.24650824224614712,3.826602288080028,0.021043654657041527,0.0037569063235496575,0.9857433792691617
0.24590146302982935,2.103968696316995,0.02033201124077528,0.004037431167525891,0.9685477216477419
0.2810260815712068,2.875627935957657,0.019544722626850884,0.003315972715755314,0.9709228675980988
0.12127307574217094,2.358538166380886,0.047117221907520684,0.0025875685817986533,0.9591590702011736
0.1673036804433962,4.291653395734139,0.03712819882897216,0.004012649179667041,0.9748516182573281
0.17665203620023912,4.263311157469428,0.0284945051249857,0.0020924851095951683,0.9677270188360236
0.25508813801542335,2.019227640892125,0.012912823536490259,0.0027525325202425576,0.9423822166191868
0.3185782111945497,3.6831838155018297,0.02915315731116372,0.001594218252129173,0.988394802345732
0.3239173257987369,2.716530842776869,0.04464380593785618,0.0017071751490276756,0.947488812339084
0.44002483633363065,4.365585212978349,0.036942471788910386,0.0017569286422282346,0.930724503764238
0.2057173970258822,2.230469405798582,0.033767990135634626,0.0028669632453067434,0.9718468355931573
0.33720890024436134,3.714831776261523,0.021400078165400387,0.002283196333990634,0.9719512613502946
0.1104587941194665,3.0194298672006994,0.047822484337505515,0.001078432013956299,0.9557572755621913
0.3041137659425607,2.1630697164826933,0.016866693334070038,0.003923524676051407,0.9609070985226794
0.4050863720099058,3.1596500513261923,0.04557150394941282,0.0033924739272962576,0.9724919642060157
0.18864647070650425,2.349073557195271,0.03206364959172153,0.0028331405006008976,0.9468284324435524
0.3148552899597748,3.3397467335920146,0.026217910160739676,0.004612944419355523,0.9334401514178574
0.3244147206716821,4.183300394821476,0.04593127449383637,0.002728803412384021,0.9730239191975341
0.43955405296814587,2.652129642189901,0.025219413961594883,0.003599765630273966,0.9820056601646607
0.3661922263130233,3.671754085213534,0.040690732869471814,0.0030167153103799796,0.9801314118385344
0.1789228627645839,2.903591153923887,0.039451261431181585,0.0013683383905206347,0.9557029202835828
0.3447073832909594,4.251028310562345,0.048602632434578144,0.003237607555441104,0.9745250959725306
0.4086244101435952,2.177606889694613,0.04256746551287279,0.003853305146797397,0.9412750328777241
0.37792479637916787,3.861220999258145,0.0450685998457522,0.0024141684691067174,0.9674702329162208
0.2054089820996069,2.7447304868494657,0.011621917397235181,0.004665036544906164,0.9712375755314547
0.1302111282046992,2.330489970208136,0.03580549938626405,0.0024726438558065602,0.9590244557166132
0.2203323806442838,2.4278237866023065,0.047192939540973644,0.004884094754390878,0.983181486521468
0.394661698536361,4.0656794962018825,0.046862298079487885,0.004090867473789981,0.930639943593164
0.20511710589510118,4.035846586523176,0.015013524621553712,0.0027988331228109,0.9388636110194165
0.3844506189643069,3.18057979115408,0.03394400521001449,0.0036424322329588706,0.9338183617419276
0.2899253418151061,3.0029095998272917,0.036365990486969285,0.0028959813288183117,0.9764246525040469
0.4404512776461068,4.109363627799624,0.02805558678913321,0.004933769425160636,0.9542436403251643
0.21443016211679589,3.027774888714839,0.030524867643928387,0.0011091440062312432,0.9889480420752575
0.3919625281661092,4.2347440101198135,0.047054941556587494,0.003652822837248669,0.9536723532683264
0.11797400376657757,2.8055660937586153,0.049634479900509725,0.003890047454771986,0.9597269139925823
0.2946939767994116,2.2018530296952696,0.036785692413875096,0.0019108623214359405,0.9355854786415487
0.4137867921881412,3.7817145805138286,0.038005325309161876,0.0016572339833684844,0.9647617158858167
0.3053031984933916,4.430268745378651,0.039986179561815285,0.004025933537148868,0.9896241215215578
0.15289962105210853,2.5018152023921783,0.04930646470889634,0.0013964442817252906,0.9668955444447095
0.2081469435782104,3.139625441274287,0.018913644483262423,0.003848373096606178,0.978173524631112
0.1582397687787723,2.801169839647029,0.020380811482225213,0.0027873900482960935,0.9645831625552733
0.17552585824333317,2.960718341686212,0.021081057420717864,0.0012370855571456388,0.9887951472875485
0.1395770436753036,2.3394287385042714,0.04059664773019092,0.0010051641518547454,0.9509592880993941
0.13304901409801628,2.307252626963129,0.028388724732043957,0.001556561786084436,0.9327250163376287
0.30706324916601796,4.163621269345561,0.025138809198311997,0.004897919078844682,0.9370724046591289
0.1316114148638012,3.4169208017751593,0.01783150461951359,0.002090838040575943,0.9405074445144036
0.3776085337380123,2.616350701942035,0.03481909800166648,0.001866267227213335,0.9395692215397073
0.37973721723766096,2.0524003399832007,0.02237284117117703,0.0025130480703144274,0.9652395215312335
0.16834826586782262,4.302268242052615,0.03320439549102843,0.0019899312378231053,0.9313769618296338
0.32931118561075756,3.7840746826664486,0.03484759646150322,0.0025738210443253693,0.9493055409217204
0.22723705928684873,3.5656574012046907,0.040153257583825694,0.0032064944931479203,0.9636994139116397
0.29688195903705344,3.5533842506521442,0.043805207137712014,0.0021670267096394464,0.9305364419417069
0.3934612405301845,4.409458377232541,0.013487829293491769,0.0027220575756100847,0.9741169095391032
0.4432512533135198,2.504596451093582,0.04361567215878983,0.001837278986337154,0.9367095529222427
0.41614609177469386,3.3337275796236887,0.039496593436396256,0.004167700316924893,0.9499511827746143
0.2800372321216216,3.2582520346148405,0.014293192317739272,0.004526723325949637,0.9570363861544643
0.240690736943253,3.6291146763331463,0.04809895239001205,0.0017911109539419585,0.9692885813703588
0.3742609186966881,3.2728392880198456,0.04430433183789497,0.0031481515951824403,0.931960087217636
0.42641106520626426,2.4583403376226736,0.01872564741036167,0.004739794012173622,0.9612312282997744
0.335040978312806,2.2812631775359864,0.04251203307779311,0.004085215187220182,0.9532242925640861
0.268747970439369,3.4108031680017046,0.019514009954006227,0.004863140321885732,0.9823348873952849
0.3863204792018988,3.914293549089005,0.015256153681441485,0.0018932137803708117,0.9619023137974302
0.1905325629362285,2.1292223405377033,0.01860595504107739,0.0027891118758875512,0.9468772416904703
0.4168479658340223,4.2246699814868105,0.02159024304061978,0.004173469508006184,0.9359384976559343
0.2726395545591772,2.283514542883319,0.022697904544058255,0.001629835160155892,0.9514088279155811
0.3691905525651211,4.203745201394186,0.02540571430610904,0.002737680883977445,0.9308111678308693
0.352795228677221,3.763034941998825,0.045084058193967345,0.0027437586511383887,0.9829609941247958
0.2426445880604417,4.28655632852705,0.038144305599060534,0.0036850231079719646,0.9302287025636412
0.3994870653190169,4.295969988428507,0.010500723012002418,0.004114044156734515,0.9383457554882993
0.35130283273625973,3.9710591147268692,0.038673959791998766,0.0028482367325927543,0.9471658536270107
0.11003613973340454,2.895248200892744,0.030683341642234414,0.001669989772736478,0.9508848162898507
0.35334173309724937,3.9443396311264287,0.03957833081006099,0.0019175869630687964,0.98735715860188
0.11925718393485224,2.779386819472299,0.019064189807574683,0.0028912999110196026,0.9417737754356647
0.39854247389135355,3.3102051699789197,0.03444302270874937,0.0030454975620237976,0.9782122485520092
0.29196846570007384,2.1102399133836522,0.017059274679316866,0.0010246495679846254,0.9833671817666789
0.3788142142510559,4.275362825139559,0.030174440555858113,0.0035019640359574473,0.977709112838399
0.16651619670450488,3.141308061472194,0.022939631230684286,0.0011447894394089712,0.9710622460417888
0.40803779095090453,3.3761533433659174,0.019125330467690962,0.003896714004534209,0.9752398106181118
0.3308263836692434,2.932263677706613,0.024657689949423606,0.002438204704498954,0.9836629457160929
0.11090399222880679,2.2489063604985473,0.03611904839539907,0.0015631726915667633,0.9382587119285554
0.31816337415586704,3.380025569884525,0.027951153977269036,0.0016484955625520993,0.9356951559689349
0.3347247719387256,3.390210251290959,0.013628272521207001,0.004126832781948442,0.980699017220186
0.15877878451049113,2.0162579576165385,0.034911490477650825,0.003409177064231155,0.9457466373446617
0.3822561380634185,4.091186999128942,0.02150643060474848,0.004954818151624244,0.9714703888462244
0.2067657581253834,4.186710041867109,0.02364105742003627,0.001944854951956178,0.9439553180335255
0.3989239881714546,4.460258960383958,0.02829004706302503,0.00370018170881123,0.9324871729653803
0.31924746724753644,3.1130757221927965,0.03788280963644475,0.004719467223827682,0.9343006624126273
0.34565311076721894,2.8658574266875174,0.03711464475030922,0.004622479522036848,0.9500167050042337
0.18380510160310348,3.927450895655605,0.04977645775483904,0.003955093628713758,0.9774709682361268
0.4152356809878026,3.5627500279492725,0.043100657045707806,0.003261537063957714,0.9537721715033729
0.10753682911749866,4.392328325998012,0.036892961421566325,0.0030092927194223526,0.9407572522182125
0.17195506176748437,2.253345518643935,0.04306186957461699,0.0023479349883567787,0.972858446313464
0.19641157219210997,3.5178147637289747,0.03043103848047412,0.0030890147702750505,0.9810031679364164
0.375220309618718,2.999791414235591,0.03943718647917474,0.001235323234708276,0.9722395197340824
0.3466213631275212,2.3892279300875705,0.01623670338374454,0.002638245060312839,0.9698869187418218
0.13942215459022636,3.021214229510738,0.04669449261307414,0.004772757896255543,0.9499164938098912
0.12350827971138202,4.443573396782076,0.026313235136220622,0.0014778362977353838,0.9692137386350022
0.3397506014384327,2.676376522882125,0.015484397390655172,0.002308263931051117,0.9555775026175353
0.21971334559814304,3.9079639852626267,0.020889330481403415,0.004259028144362761,0.9652082950478383
0.4361500014011722,3.4611683242355062,0.024831527735186525,0.0025646879709515765,0.9760620963589641
0.31764947935796817,4.026092805629016,0.0322735679441865,0.003168508140660728,0.975284114753366
0.19126301765966414,3.1632371629875977,0.0404640497281517,0.0036598881436149338,0.9822128126273036
0.2994831463241182,3.3156464690141885,0.0476400070334922,0.002744190611497493,0.953876732637197
0.21250905418166807,2.100918773770405,0.029616992717507472,0.0026209980133592354,0.9571587545191265
0.1940992928590598,2.0620485521254075,0.017259132776576203,0.0023142917255815493,0.9400465899509157
0.2652464580150274,4.046727595389816,0.016552629842610918,0.0026491586905189645,0.9762032339215118
0.41661266796050644,4.145814148195038,0.026905209006958523,0.0026257451741071814,0.9790186607335684
0.40178183906888665,2.2612423192013806,0.010086646357656657,0.0019407875012115803,0.9812669935684648
0.16982540965537885,2.6453682759685027,0.029350299029981944,0.0035602394028964733,0.9617899539205647
0.43088381768736883,3.8294959404566242,0.02168436396562478,0.0026199884161982,0.9766169593033958
0.3419393252600589,4.3205067127644465,0.024883045494135725,0.004069396611587404,0.9416375114264992
0.324104572120131,2.8889707383561585,0.017933414192664275,0.003462709629901371,0.9771573593073609
0.2680105912214412,3.2570034621575497,0.04514326515996004,0.001703451763784261,0.9635273904881753
0.42276248608037426,2.769424693137104,0.023224906791247897,0.0016082482287576778,0.9672045413337343
0.4028839570208864,2.9634827668763823,0.0460232256029932,0.0038695793584983926,0.9305969314106541
0.11368974586137028,4.258150754091237,0.019757833614637784,0.002801007747463937,0.9576520379461677
0.3604939472152212,3.4811457017304663,0.018991387857990816,0.00496101972161265,0.987721431645219
0.4008143715631586,4.432602111642929,0.04195125174963813,0.0015216124875852208,0.9331875215683665
0.4286452693444387,3.345874069454644,0.029251321951015104,0.0033272991947313948,0.9330801547607146
0.18731945955287488,3.5788477110330694,0.03197025679525452,0.004874890333723173,0.9328078139053576
0.11589607991387321,2.519878852922622,0.03749367822166772,0.0019627800442244565,0.9302857417609549
0.24194003006848763,4.399102919924129,0.02624580906195953,0.004352746468260606,0.9334098380707728
0.35733968317122045,3.755655977450853,0.021765827921675834,0.004139668403082235,0.9895523867030199
0.33244345758454724,3.6373466153453835,0.026436434400947638,0.003925356591573934,0.9616200862087629
0.22375030362238896,3.8587884880161845,0.03158626476054431,0.0034544824865934275,0.9391634638528337
0.3431184569510418,3.7943733625458274,0.012994768336271355,0.0021731528882811078,0.9465706592551631
0.2630101679020421,2.213255020994639,0.044350231913494596,0.004476460290454816,0.9596184201064039
0.24838495032446822,2.215447479587426,0.03886930483168218,0.004947523419558073,0.9353018655034424
0.202326837812572,4.332797234575521,0.017723409877274568,0.0017957175384580315,0.9614030647186773
0.33169792625847283,3.2107835661023643,0.03624033920513669,0.0041849768371262225,0.9543659473468379
0.41321967254792935,3.7325088030025233,0.013228538663599819,0.0035775622518229473,0.95977295517769
0.27551147512492047,3.1252039026201768,0.036987744418399256,0.004678512111820557,0.9713239474361812
0.27684692364812213,3.19537199408307,0.019305644799133118,0.003112858165699739,0.9613617631087765
0.2765633503632091,3.831384810081749,0.02954404878929457,0.004051684267452832,0.9501069308388176
0.40988624559107123,3.797187934074109,0.020690084320340245,0.002591727633220656,0.9490031771670441
0.26516437850495056,2.4432858271952425,0.0366871654203149,0.004540416123454705,0.9671327887755707
0.2815518731498966,2.7322033987628873,0.011745448232198436,0.004808546046577482,0.9795888305908359
0.4493685816011612,3.9996308973086734,0.03440525625689931,0.0018584059180638138,0.945545160163994
0.4380116778740122,2.325509956483227,0.03720958142643962,0.003946431934421794,0.9383290029380884
0.20869552640467,4.2491202818157685,0.040171504676068386,0.003984067302135606,0.9879005766026969
0.11885521112179015,2.1441735179577566,0.019993774802829843,0.0022856963931142853,0.9883260493766056
0.41752589549307406,4.005957581329202,0.019227870762594954,0.004147606478090204,0.9511940701540942
0.16187786535151688,2.5755266259628447,0.012499371992451835,0.004855482707939421,0.9737544984911715
0.3006248309200862,3.6973920750419937,0.04320939536137878,0.0015505882993367705,0.9347072010369449
0.17774678630721102,4.269897317866528,0.0356880604715381,0.004212975878537105,0.9666177482898702
0.36390166681742,2.7629348779312775,0.026460205435135303,0.0012607042753948637,0.9753297453169365
0.157131159457445,3.209319467186071,0.021727677298708767,0.004617011333701231,0.9676363814916134
0.14649579348767522,4.113875297624281,0.01596664732480963,0.003942050411721831,0.9565178022288963
0.1407274593199815,2.0740644972722797,0.04675299048998078,0.0048400139772667595,0.9508672235811061
0.428879340529731,3.543974233336041,0.038078921210681814,0.00476821388161988,0.9381801118352063
0.11301593647236553,4.221375224301378,0.0375376007412631,0.0017534254020399437,0.9395373916581025
0.4053121422246957,3.798548252360553,0.048297281390510906,0.002699789280683307,0.9427853489699368
0.23747244133148937,2.9269781548234226,0.027963491249697603,0.002098195815399952,0.9594837467687807
0.1984992876157971,2.7279210803182496,0.014096873597259025,0.002869711870688605,0.9705012821039329
0.29122655895627664,3.198662560058233,0.04588120885405835,0.003259146402740661,0.9316552856289901
0.4132600771764381,3.6795406979316283,0.026376727517065386,0.0027049754070672433,0.9426605456485885
0.2895412066936665,2.2524463558679884,0.042991905342828284,0.0025424556740176385,0.9650985525040556
0.41143903219108824,3.2219301163756224,0.035204187934408285,0.0025579745955514165,0.9473274420351226
0.15801853998132942,2.659989081558232,0.01786944229198346,0.003129767954924269,0.9661879999683739
0.20128162424181112,3.6928814873674467,0.04761861589385034,0.003383193060668656,0.9444173826525527
0.1668857805241541,4.489100226673147,0.011212176107257277,0.001209517704415508,0.9864607449761814
0.38733070020614047,4.15734467658803,0.02073344978043562,0.0023339620695444372,0.9493979532163107
0.1427315047427292,3.7873516671681307,0.022665057909085063,0.0036233370250322817,0.9577363638619987
0.31286990786033153,2.6525214779797626,0.047746377820909076,0.003492169595219279,0.931313120565207
0.2304541424029617,2.2725681015826487,0.037876497550118314,0.004005408305591561,0.9669365387426204
0.12707931200915168,2.665560592228022,0.017164975838827923,0.004516406604781074,0.937515057836913
0.12268077192520152,2.033762258598485,0.03858456300720004,0.004776714725367129,0.9389947241213707
0.21860313235380846,2.6743937331025025,0.01546000726629463,0.0034834719613389496,0.9731641003468536
0.316271823219441,4.360867678658623,0.0465291137506361,0.00447582646251278,0.989496565154004
0.32854717435181735,3.2072942470967085,0.01420216351237339,0.0010668759851857332,0.9775255495163209
0.3712066684047378,3.2299945582402962,0.029179723587273297,0.0026769854253456352,0.9373584884379085
0.3764424344234236,3.7901019819978785,0.02869723284026946,0.001923768794214597,0.9319123044215787
0.18476700730139606,3.8061705684864995,0.024462459005259576,0.004599458639237269,0.9550061066249903
0.29962330945892623,4.032421823508249,0.0440875996924187,0.004537672172118489,0.9598418514049986
0.273794133120847,4.194364877136132,0.04093032755587378,0.003772066272942473,0.9882736992546844
0.21228565838418278,4.453735517021904,0.038219526037425705,0.004080828734015078,0.9347595897797472
0.2076656512171855,3.550744729914276,0.025862928820615964,0.002768750948589372,0.9836092205921183
0.4213416042934818,2.984647901853949,0.01448303325291379,0.002858751113582448,0.9817880426220791
0.3135257910843075,4.34305481668291,0.04054019334461901,0.0033495002809408284,0.9787131856213516
0.22458574104885898,2.8453720827870104,0.04791175778704994,0.0033423034660117284,0.9438788371137761
0.4489820966570839,4.4483585318640255,0.020928704942502832,0.004242263411616234,0.9348392271055649
0.12217280879166946,3.6009648664189013,0.020579210712271766,0.0037785580956921946,0.9652843749025897
0.25716889780326835,2.1128154280026594,0.024978526026498995,0.002026095490486911,0.9320323276998075
0.19724309282796693,2.4723778235106573,0.013984967185990689,0.003284355632130452,0.9342457068109866
0.2432033266050396,4.256395740500207,0.013658384987165872,0.0010874383586317268,0.9421213892884501
0.43268047905414386,2.3415674773277027,0.01601057688181491,0.002776973681638741,0.9457945339929816
0.2208187713665068,2.246463829570874,0.035954721172323276,0.0043797018010589515,0.9403404127854667
0.3093081229822578,4.042536100858964,0.01978896257687791,0.0021521390069351425,0.9821601335113455
0.2934219835819587,3.4389747161954114,0.016726466034355812,0.004231756205680776,0.9641430402473131
0.23769209561800586,3.6415352517575044,0.030918668153996874,0.0017999475121235988,0.9858441163970133
0.1818244720013769,2.2273255041597264,0.02121542821908942,0.004351718055940134,0.9306967297609712
0.3354063508615664,3.478055190712918,0.04906787504780685,0.0032891460192183302,0.9428635511263592
0.22764331975731292,2.440870598332309,0.04967178243896476,0.001330459546365722,0.9565281861624871
0.1383544011430864,3.5148923005461175,0.04228639816843574,0.0033854582770888432,0.9556503442773675
0.3928739430537318,3.9759587741592313,0.04066029976297876,0.004290168647239941,0.9684419766739184
0.1399288925262937,2.3513938868412545,0.036471065085934715,0.00346646584002985,0.9502110087064078
0.44627772290626044,2.2795607155011415,0.01961550506005681,0.002843917256032898,0.9332435453110346
0.2772959332634496,4.2935435331777345,0.04535605604084181,0.004870185563210938,0.9339675139241381
0.24368639159490138,3.9297455582353096,0.046240012535242646,0.002931839149724125,0.9851010912062972
0.20659323940308363,3.948819924025698,0.04835564238869056,0.0021477068998444933,0.9453222698195785
0.2622318688698434,3.845338380148023,0.012859121523628253,0.0029496579514467114,0.9710086057062217
0.18313033793670117,2.208892493183643,0.0484702709818517,0.0022476367906711565,0.9503711748591329
0.14425598477114848,3.6743774471084745,0.048550891699513266,0.0029756948034244395,0.9825552545112801
0.1574216046008397,3.01044337607786,0.0183660844604013,0.004704463375101532,0.9478809177651227
0.2171396409389632,2.3940445045378866,0.02314821038047763,0.004756187461414213,0.9467871359907938
0.250656826165567,2.5811035400615867,0.027734885593058103,0.0038586955924995877,0.9303436114170889
0.35954161222431413,4.131100778763729,0.014764001203694439,0.004388029959695932,0.9667427490940194
0.3208929312418467,4.137710804044373,0.04161527416606067,0.0039024848101974234,0.9720719169171341
0.3401940280996032,3.841044773653005,0.034360606797451385,0.0036982399686026498,0.9511368940389966
0.3405447525654368,2.790616536270143,0.04876182104708888,0.004299058782376353,0.9691142604506997
0.3723742504152714,2.038079205878247,0.02820113537674205,0.0034221068018318113,0.9897087956891766
0.128905367104304,4.374527906877207,0.04481286624305081,0.001873543174377078,0.9863445893197588
0.3220592042109856,2.361049903712183,0.04502668440530724,0.003329591283401621,0.9546820265507577
0.4067187706400538,2.873065794209949,0.024035422513008445,0.004654352888358377,0.955551816122935
0.44595967703255024,3.156157789052917,0.013186320614761143,0.0013018040709530403,0.9849161279164362
0.3635788821533765,2.6097127955181136,0.02526654371404176,0.004181866331690326,0.9300103956798
0.11974488318825616,2.066224891083836,0.013781464449002698,0.004179635962366975,0.9529697782478824
0.1941951013268076,2.3760516288069584,0.011547747251532984,0.004046479582689139,0.9733702099070524
0.12092336657808604,2.6972693147356024,0.020088651979339362,0.0014521805754352276,0.9581155320086433
0.2817292325936763,2.8796441389568663,0.03289755050668299,0.004362725233934137,0.9633868549779504
0.2005733035024428,2.774820451625414,0.0299624349356728,0.0029169204400393677,0.9392380356483898
0.34611342142451723,2.328005117173634,0.030514811673478637,0.0014820966678241038,0.9467284551217066
0.1862234252929294,4.097770531849852,0.02971908131983013,0.0014593916614021039,0.9819342129479595
0.3291925544860883,2.4813264048871786,0.038428312084320466,0.00453247120600366,0.9659014257495965
0.22977731351020833,3.8560944457571713,0.04910257533240939,0.0018165392026189245,0.9464959738339352
0.25491216301194053,3.4136264380935306,0.028915207871173923,0.004941906639016375,0.96799062243381
0.21077249136849976,3.8962379800467706,0.024488785143081376,0.004857347300198576,0.9335602352621959
0.43742993843141653,3.448722671869157,0.017159754728617513,0.0028043589561210247,0.9670747823949766
0.34375945003400327,2.8364189344342905,0.049522680781457676,0.0013421315840707437,0.9413865487920231
0.1092802886208823,2.812323399999725,0.01658186228934615,0.0047836274775287365,0.9731239746602292
0.2886656954311822,3.497037393468716,0.040962781678605155,0.004058323111401885,0.9341032617106686
0.36121730755002845,3.109593401068844,0.010032576115872122,0.004728549099326846,0.9354179533378465
0.2330074302841795,2.0552715730925932,0.026999171622756425,0.004019153653809534,0.9353847673336171
0.30803046704955206,4.173662139581889,0.03553235049841564,0.00322100144288486,0.9393188612192443
0.19524311055478255,3.4349441643006897,0.0420737241309394,0.002059387904284983,0.9833264245904112
0.15910020424910437,4.37748232279203,0.041370912092151484,0.004569426595814278,0.9600166236614577
0.3358294461265463,2.2858760733206798,0.04562428098307544,0.0010003920207026945,0.9885739108532896
0.31229863067228947,4.198469950212592,0.023925937679404364,0.0036006307794502227,0.9546073845410101
0.3962109245818478,3.5706690206455898,0.035584558383227216,0.00287776276685578,0.9750184467231284
0.20297949492187584,4.389128823037553,0.015167178433432894,0.0011676855346365778,0.974802047880404
0.3453226896326454,2.840597711830296,0.030662811718104317,0.002084356824683691,0.9486937580847763
0.33837704195634855,2.9019803238526043,0.024134074644349548,0.0017423645635928084,0.9899652664977774
0.3597545788739045,4.050902671445252,0.03861740754651845,0.0021315734852295817,0.9838359161926226
0.34852530277375626,2.7956730854358245,0.01069258017140306,0.00459086512561175,0.9827725269613651
0.2602848169171979,4.479127003235599,0.038721291934525746,0.0030352220192852828,0.9726927505669757
0.35761897821477373,3.2164823401662646,0.010660596352169236,0.002051937237017563,0.9715467211403261
0.15944420560816547,2.4621149042602255,0.026731383107112858,0.003319112004556093,0.9680913330665715
0.2694787486575103,4.0694887140506175,0.014749366159525157,0.0014696593656816147,0.9869606266741023
0.29095195476993496,3.35949384379433,0.0176346186749403,0.0023519342904835044,0.9442990081441057
0.3587238226691968,2.1700204825502487,0.011515074942488938,0.0030799601727068454,0.976958082921858
0.22496998260857132,2.276918809626424,0.0164607202638958,0.0024995332768961475,0.9502413862643495
0.20017733383407513,4.003954085188227,0.04924905106940138,0.004609798327473371,0.9552383356303853
0.10578067553979599,3.0313150961838007,0.013713548931579028,0.002965226431500681,0.9516920087830915
0.32248162077994125,3.559315189939225,0.010590150332554985,0.0018417745641764339,0.9631943295577223
0.18261207388185732,4.438910483326963,0.04784705120690524,0.0011198889534064763,0.9432163282208449
0.3360390981040793,2.2953139799323967,0.011132589621261763,0.0048209591196690955,0.9854441117716122
0.2448046721761585,4.177006747889228,0.03171445405048627,0.0012923042386715005,0.9477320711179539
0.2966369568630252,2.9064805446650803,0.046897814751633723,0.003094512113910099,0.9325470009455533
0.22176526916036138,2.4068244308807283,0.02531450987161951,0.001970559228537172,0.934624213599786
0.4436232621911663,3.327439213850975,0.020629020758729286,0.003217634102564212,0.9821328428104635
0.19092174002179046,2.772135878762907,0.04438413369828338,0.003978472187352783,0.9857118201983189
0.312777770505818,4.485682367004047,0.03201131870696266,0.0015970813922727184,0.9338794705831358
0.21817487225625504,2.976562953697864,0.02163568187655807,0.002547357640533199,0.9645165450229825
0.10161172868365863,2.2033801950023033,0.022479350464335954,0.003413842501781132,0.968743216828276
0.203468274232036,3.379322736228308,0.01790369804783648,0.0043454991931807675,0.9689479510954985
0.40887440126430263,2.784115523753133,0.049971555509513044,0.003993096753918181,0.9714159827513048
0.12954616177398035,2.1926793795367394,0.03516621350993271,0.001044694019380747,0.9660263068313949
0.38794708524885513,3.540685130987538,0.018109468993674577,0.0017638422887315164,0.956768529680822
0.43019826170492725,4.214702347082398,0.034605778527095066,0.0015835656613649648,0.9703264721783105
0.23531784330574645,4.0863194764605435,0.04950602900647603,0.0027132419366658654,0.9742440898489476
0.33362915206178356,2.9686150500163015,0.019027566596340917,0.003511185438357218,0.9495265755234642
0.1133936662792776,3.70341193576135,0.016623705585254726,0.004269898487469503,0.9712163899107278
0.2099786926467177,2.221263636464561,0.03915844646874229,0.0044081628236660245,0.9628068594947603
0.11772911338220064,2.745613741710696,0.03453067005311942,0.004450077740934375,0.9582115784794454
0.32778734321122294,3.545279884703773,0.023011409168181327,0.003821162016818278,0.983140726985154
0.41999641140161925,3.5966730602957475,0.04290095586091305,0.004314432099031016,0.9786265914486191
0.22311073298768558,3.8985076774124616,0.032629390561372866,0.004815191880452421,0.9743587254000791
0.24962707479312712,3.0865808065918454,0.01243745897973263,0.002196268408048767,0.978787930553473
0.34768185609878394,2.165914359167936,0.02603369649611432,0.0018051745941470698,0.9641328649479368
0.4356808849011692,3.314799446875383,0.04531275323823039,0.0010823908335412474,0.9785593471502906
0.29754408056446935,4.151726252108425,0.0440251506615127,0.0020472032871313925,0.9323857863072903
0.2158950070238611,2.777245146742572,0.04346925104451311,0.0044468798910235014,0.9724508227467872
0.3167428833036656,2.4795782658644403,0.011686124693558954,0.001953910032045354,0.9507446748125324
0.26170951378002927,4.247336548556208,0.0372913503969639,0.0017274798570709174,0.9884634323175711
0.30109622007551196,4.341852154992036,0.04292531136212399,0.0011854532060031182,0.9648924121677873
0.3940862298212525,2.8707367828090304,0.02572673882223296,0.0022907634587487364,0.9806357963424451
0.4268214766862144,2.1589809477201385,0.012763756056237866,0.001977678125891916,0.9374204730628537
0.2039284972325883,4.070148119060645,0.011646233973893364,0.0022102654904950975,0.9767435829595941
0.27527594914608444,4.405110057586562,0.04135524814172589,0.0035744385462777666,0.9334926654809452
0.4429178328035539,3.3709947556931805,0.011250112213739252,0.0024318750285886722,0.9875397447548567
0.38514318095116507,2.6370603250827505,0.04758440826124928,0.0017283485101555849,0.9523413907876006
0.10878496082776795,2.3030601944956475,0.031389939018128206,0.0018246949017281992,0.9626549070520074
0.2870643128110961,2.5931320421635746,0.026573400075282652,0.0011965865090651946,0.9862094157943835
0.27626989321896706,3.224596335471337,0.03187253418226508,0.002440958564348698,0.9875606746831904
0.4234463804498144,2.8084424379257493,0.012079431762820185,0.0030220871043135857,0.9551632456450907
0.32180899220832937,3.7292971064429605,0.020664053986010948,0.0024539480298009187,0.9720126742605054
0.19372905073268745,4.2718953871423775,0.01418066994421504,0.003321844900620823,0.9376263808510847
0.35420195043034675,2.0952211490453654,0.04238437653610023,0.0010918113265599863,0.9742844064783921
0.2758934366694895,4.243740804180096,0.031674753765172696,0.004798261213779742,0.9773985527372835
0.11679856467762204,4.134919568045478,0.039851780908897586,0.004744943617245775,0.9695516735711247
0.24302957629776487,2.8844515059192104,0.031613476727605436,0.0012590163400240345,0.9497806501507728
0.1376678387632675,3.9786603969622805,0.047248010071547095,0.0016243879084609988,0.954140860013988
0.34901909529078223,3.4913832370956426,0.04733667656444686,0.0010532254111462046,0.9601244576714738
0.24607005119392983,3.981599203674813,0.018218076074824625,0.001565386604212507,0.949258785636691
0.14512772046882647,4.435129974539744,0.027857372478789208,0.002258952875427156,0.9362533389591566
0.23872084274042937,2.711073982162458,0.01584298954930325,0.003432741809426744,0.989359428930917
0.2905352240336029,3.8742826960040784,0.020060267018438056,0.0019927511565856963,0.9525602534015234
0.3362972918028983,3.5283518309967676,0.025463905910966936,0.00131456215228924,0.9405738377016811
0.16047690948964266,4.328983031522247,0.01965304907714649,0.0037800555487642533,0.9840814282641788
0.3625458192327621,2.7487507959333435,0.016486600975734567,0.003155185484914298,0.9867350921849011
0.12414316518992005,2.6334767090315543,0.04865795415818385,0.001168369244389474,0.9429322963042702
0.1902666111293756,2.4749171073304606,0.012729941208865121,0.0041947720882305525,0.9663558608625007
0.40234211291737654,3.662106039730199,0.046348488702851236,0.0020213499462561095,0.9627005293036122
0.39678698238674803,2.011886472146027,0.03212745393037311,0.001485712995296517,0.94369710912559
0.4367696322363178,4.10509600206116,0.04821931325626449,0.0042035339711916425,0.9301172242298191
0.44721458296863104,4.230382509562452,0.022208589731369927,0.0033011620106601137,0.9515230138715164
0.1003702154686129,3.446788250819016,0.01614299119455691,0.0036666175562183705,0.934155557371023
0.390656010469396,3.522430438915654,0.01425731825877381,0.0036761672415884686,0.9426428041447117
0.12172103985667662,2.9472230162899002,0.03315026536434724,0.0028260466281062654,0.9603108549562233
0.3140763362377442,3.911383158865018,0.033653876050503066,0.0016526011558590428,0.9617331288047637
0.3749816284473544,3.945771064439716,0.02476216783425589,0.0012160100208986903,0.9399318736680911
0.20417477692704938,2.5735371470352297,0.02756072443253753,0.004900138006105329,0.9686748249521433
0.326565887711433,2.0583892388649825,0.016412110589204276,0.004998247246701235,0.9398968599799256
0.23551904140613023,3.7755708583026797,0.029368831635982418,0.0035307486583042217,0.9339088949266466
0.4204775300784772,2.922650747192317,0.03335169150339653,0.004976879035921523,0.9843175911481806
0.42187456057453276,2.49152303842352,0.01128528950450763,0.0032301232355652944,0.934025544063217
0.10025367301314453,3.720967067028912,0.047133515285893685,0.0017696902199255695,0.9421864894807137
0.4015672573694884,2.257487507446568,0.023765265039415784,0.002390577052308755,0.9427337328034605
0.15568919161931052,3.3967121141546874,0.03683906058489855,0.0020677240372896314,0.9354995986163233
0.11439693382560306,4.4269168423256975,0.03108323112174468,0.004395418691055423,0.9483245397692734
0.14851432304603812,2.2429993830098516,0.01531406143563169,0.0018604220432614411,0.952653482490956
0.24493881723167762,2.7582005825757445,0.02677155551714705,0.0017802534811226154,0.9592813010568952
0.3380704674327005,2.6178974033845797,0.018702615414902108,0.001924975358277586,0.9785109181211546
0.2635944365964288,3.963828327728215,0.04892089997646232,0.004909243502416331,0.9661413973194539
0.3504154465506839,2.118946537244107,0.01607776439192369,0.0029887022025012746,0.9408744620659362
0.339058980553609,4.273516658446814,0.049395427007846354,0.0037473713178851134,0.9545116912423759
0.3745584440571671,3.4548879517568287,0.029285009925960594,0.0014508729698064805,0.9670053655756363
0.21494590645759554,3.1510318221887226,0.03771147473048617,0.0014334225082747933,0.9345638352555353
0.40387787865195546,3.246404363343861,0.048756044340998686,0.0029988939708139495,0.9365341125566701
0.1781208688945049,2.1856304318596647,0.010428750772044821,0.003909983896624799,0.9604181717870558
0.25411133860882706,3.0831424743660736,0.035046654531110416,0.004373096163155718,0.9659608073909122
0.15034940617709736,2.319017783039425,0.04629354963651259,0.0027751957800104957,0.9607157098573325
0.40128033275002406,2.0220692887363017,0.022014609554091173,0.0011560461339190178,0.9869001168645526
0.1489709990050195,4.063630190541257,0.038504556185866345,0.003359666629227964,0.9357167025135774
0.24921244345993745,3.1239802593873973,0.028537502795096044,0.0025253277326051232,0.9449615853480627
0.16290050946453752,3.3545883095147104,0.030624006470106692,0.002292867615654344,0.9649215945636324
0.14260274517902308,2.356620764267605,0.04622684840783061,0.004488102179101416,0.9814714813468686
0.3617413837949167,3.589061839706239,0.039533927108097174,0.0011927394689833452,0.9813560625121749
0.2409458577905014,3.2644695245793347,0.015658980142028794,0.004365523336639653,0.9708325499405133
0.18465633458455646,3.270002686238417,0.03059074897662259,0.0049373543593352,0.9674249160423745
0.4186519650812148,2.309712501547108,0.034651215869976604,0.0041518690342412295,0.9446440712839554
0.17517653300595698,2.9559343547128685,0.040733118487136066,0.001996967194918142,0.9860773801063182
0.19879073288882515,3.4725062167634846,0.042522937738651914,0.0010920919060198888,0.9436510228681585
0.3484959754724512,3.0890061795098243,0.019199411119155088,0.001574348175680725,0.9458647665491419
0.4180375805149761,3.7584714514193123,0.04277071658426665,0.0016966252185317853,0.9826471969822306
0.3768291232023562,3.7709510765589234,0.04813827505158588,0.0022780278186288775,0.9326459050364978
0.3707615993797063,4.208841531138942,0.01683649146557558,0.0021203616521824286,0.9317928261336174
0.11529009055774665,3.8482860003713046,0.023509386676238274,0.0015441555296200568,0.9631716157377392
0.24527075866270118,3.4857132666303983,0.010297857993314102,0.0014070104878585996,0.9675905550427846
0.18097821512324835,3.294081178496052,0.033037299229692854,0.002205274169562361,0.9390841950810014
0.39993081400086483,4.100168531813271,0.030452149802777773,0.0049712715751609625,0.9830159429980093
0.18955096710449784,3.953976913810701,0.02893748123721558,0.004254059057128315,0.979443357282211
0.3091099564320704,2.493293462214035,0.01803976821306027,0.0035050500729282242,0.979639154820705
0.21196543168575377,2.2905370597414167,0.04024895277830137,0.003958740219326915,0.946228483087446
0.3189229216758074,3.621230786719374,0.03767520647011916,0.0034489221011014736,0.9673143279895471
0.21143997556610106,2.152707091270069,0.023382191329779624,0.003087865832374206,0.9682136993437802
0.3646116312288078,3.300171244180227,0.021828552525228563,0.0021853859694225194,0.9759041164785384
0.23928232421482337,3.0373575537047985,0.04111896517093196,0.004104149422441413,0.9814047983202118
0.3774904339459725,3.4405463521843007,0.021655417747043246,0.0038043522449054696,0.944608057948519
0.2642084781104619,3.65975869473351,0.02470357977757573,0.002532257702425226,0.9418218379011887
0.11920086488836876,3.681310282025235,0.040215004389066215,0.0015379767605550525,0.937595035559751
0.43185698088623825,3.4057080031783515,0.03532129428518792,0.0046753149122776205,0.972952071324767
0.1155095065408955,3.0337532369029603,0.04944226872450495,0.001298146784935786,0.9304205059521788
0.25794640796613977,2.080799512594128,0.03775426890724335,0.0031824510360550866,0.970084994330334
0.31645997000777726,2.972219621947901,0.033418155714439846,0.004762549232284554,0.9559248437210314
0.4225364391389951,2.8570193884713615,0.022579772899002523,0.003969785159807882,0.9877080548102084
0.4295608915564626,4.048320077074951,0.031830770863784226,0.001612690225202961,0.9579779785640458
0.10646155058922856,2.9516860362009227,0.04497232174441143,0.0025985835222875893,0.9482501355590863
0.25915830479195956,4.422486749206879,0.049836938205701085,0.0036512321386415786,0.952820575046844
0.23455806020131517,2.2325964211043043,0.010746521085330316,0.002407664609347031,0.9317378528191437
0.17078933643691002,3.1218138920771548,0.03345782159010483,0.0024830943049465965,0.9741813229545748
0.3255193389177625,3.5086614569738503,0.032790159213773006,0.0019875434329045477,0.960219882978841
0.23671540607958266,4.1250427580549935,0.02551269073625574,0.003967611314076481,0.9850149014249369
0.2729568534058201,2.6101666928306098,0.01015347197299542,0.00152807868521727,0.985871452550178
0.1084004443935418,3.186578060606138,0.0391792969207692,0.002031848312281344,0.9841750546479765
0.44478251195776275,3.5568689244200407,0.01402665463106735,0.003376404779596525,0.9431314103639535
0.2952072933170634,2.0035470973249905,0.0321160641819161,0.001501669383436525,0.9530381490001388
0.3956773097840133,3.1826691918024563,0.027419728676573586,0.0010609491834022555,0.9881094500672921
0.43392034841798177,2.419129267696074,0.017094598580611214,0.0018539802265667201,0.9351274840598164
0.3829326566081497,3.752298942889489,0.04376443199634131,0.004129605957484938,0.9415051390411219
0.123260695958434,2.934368925658317,0.028426571646204525,0.0017330545178336396,0.973488411286379
0.1535183101867657,4.095643076681954,0.023702770038758952,0.0024676000202488485,0.943409083584655
0.22822067556945252,4.458394269149793,0.02049666813226876,0.001660452745959403,0.9514696145196537
0.3563891218167087,2.3642190646087373,0.012106077898039549,0.002425840085190368,0.9370943453151351
0.32075573597009005,2.727174817079083,0.045546670625589696,0.0033469730274745565,0.9498418851064665
0.18894733966340058,3.9222749922344065,0.028996364722709236,0.003724343386472865,0.9441389999515156
0.34349729871697265,2.367838920870024,0.031189730032869664,0.00102377264244315,0.975436621509139
0.17439630869389647,3.2813126990833634,0.020817888062663794,0.001139757147463506,0.9736611421822188
0.3262388640606,2.183720291907251,0.049698371827151096,0.002140649286743698,0.9505116909694562
0.4488611422358677,3.0656229551696876,0.038320900522873826,0.002633558468739279,0.9852207634512498
0.26324167488431915,3.069702775854638,0.041481381044451704,0.0017505707540016616,0.9816393300627573
0.3102490677323709,3.5071443543201983,0.04189452233799274,0.003949940461253179,0.9497214303942576
0.389773723320605,3.455455775492144,0.034337449440979,0.0038250243745128107,0.9562570754937759
0.35001811503728775,2.7347316929032592,0.011862873341886982,0.0049237587593562015,0.9512591817190762
0.16877342592391745,2.3342623710584745,0.014411089688207396,0.002662172514937831,0.9751069078233033
0.1865117597819082,3.1342195036869214,0.02765562668440677,0.0030158593466134203,0.9510592136651194
0.28726416361561774,4.404857805304324,0.015789707435089416,0.0032990228849282743,0.9681340961832438
0.2266224036081155,4.363657111109312,0.041297550617691026,0.004226747288072447,0.9380807287826933
0.383867967497199,2.830276306550112,0.030830623522780348,0.002900054059530191,0.9460092665993955
0.4109181988094499,2.5152351424124126,0.011393255120666967,0.003515326960671219,0.945462595287282
0.2942301463888839,2.740577960515746,0.03251035369432754,0.0019510382596145564,0.9596824978148821
0.3179544948383707,3.0925974128747953,0.03910325445095798,0.003752874476114045,0.9586196816152387
0.38620480202092655,3.80153221967893,0.021479938750041637,0.0025229322295841454,0.9322269379804417
0.28768965405417257,2.670113618791731,0.03429163589721289,0.004576044661273017,0.9411763094611078
0.17413816280048194,2.3128306651426924,0.02581396183955608,0.002162515588037815,0.9522767945916697
0.19990515407953252,2.41150506743866,0.042846158414202425,0.0049125604006549336,0.9699750402548393
0.3655774302483399,3.023537256258872,0.03526427663307537,0.0020037819814744226,0.9774399741984989
0.23405046981140082,3.0466062765249404,0.0368769922461673,0.0033601642410368156,0.9535918817179686
0.25134920775377656,2.6405374011534346,0.04460516072810216,0.001319923455240621,0.9706468953036665
0.3557296880000136,2.5087554321448255,0.04956971683853079,0.003981965298750745,0.9760086600124639
0.23393990947293997,2.828044212415598,0.04799380473884726,0.0014263976782670725,0.9878540847196998
0.20265901072686893,3.463026307526615,0.03252716620505633,0.003367797259534846,0.9655661630107796
0.17383073097162158,2.9378295752672985,0.032571030165756285,0.0029062693409746777,0.9363006305921134
0.367887363933311,3.1715326414816416,0.042601198103152466,0.001048760198932054,0.973907998473784
0.1796574613223248,4.01141102545188,0.04351562197834969,0.002039103225082874,0.9629424327927427
0.3213591236088049,4.093256700365065,0.022834454498105096,0.003961879530115374,0.9892433490673012
0.44525293787469733,4.318367461839957,0.028126669849905757,0.001142031250506276,0.94169914101668
0.41221554402899896,2.227568157403219,0.03631198308487554,0.002758793917087902,0.9481436309475838
0.4148041597825204,2.788906834579763,0.012207685612660255,0.0024220722482968127,0.9471128394386289
0.19137236779248795,2.707062185295342,0.027387262618152948,0.002324843673367596,0.9506084969280203
0.2294463229809751,2.552183921273619,0.028781160305688863,0.003524443599048844,0.9365589728456103
0.3584585580447339,3.026123187370394,0.025661578913990853,0.004701032324615836,0.9776434047414286
0.18140618471910275,3.811586767908733,0.04214828261574394,0.0041701651747246314,0.935196982693549
0.18592830591541037,4.440659449146207,0.01543849016136503,0.001712613025735958,0.9594586765441371
0.27943949868196416,2.13246035209023,0.04986134478138909,0.004003505881001597,0.951837373493458
0.36082389919473334,2.401049951262877,0.028569351233748742,0.00426208981984518,0.9891963504223622
0.14937593810905567,2.85343519243155,0.0275207904321213,0.003373814468255476,0.9328429202995816
0.22420435174440262,2.8163612647844944,0.014653111882809145,0.004583681178790587,0.9636584237632781
0.43384544489113896,4.303062015012484,0.027025235176304535,0.0012030607374335126,0.9470948047946853
0.37184092245594047,3.5156377748725647,0.041219646969617524,0.003184525646473245,0.9848183940157801
0.12922364942721137,3.4943169130134066,0.040802001996129905,0.00402259053527622,0.9722686609577675
0.12677286088240497,4.252727651428248,0.03591564502596074,0.0023817515767274033,0.9817614825456568
0.4352887700299082,2.8693583999289243,0.038308247758022336,0.0032770392568862382,0.9349630573368889
0.24412541885374753,3.489244381748084,0.027146288767732868,0.004462213418081534,0.9485313767514535
0.305562403650453,4.0598586938181,0.01116831473575533,0.0022545118299772925,0.9451170495850147
0.1344931342501653,4.018863872551464,0.02885328021786982,0.002994415531570648,0.9768938020460513
0.25759338069168847,3.0420273341465665,0.01198316810820286,0.003004030861763668,0.9643543284090332
0.2320096042977361,2.5534048132668286,0.017719767482869964,0.004438880073601869,0.9846080742214729
0.25112464581470795,3.2856508554177193,0.012274523655991795,0.0012292531773806122,0.9800376359410915
0.14400336956001303,4.446485402803622,0.04850809171448315,0.0016193458836399302,0.9809271365484498
0.32857925641292185,2.5430322970706665,0.02206231483015037,0.002560281638320328,0.9850688006859818
0.13907361832338744,2.6274658049402935,0.010795261451949279,0.0040983417324586165,0.9510719390826755
0.4253045118357953,2.4850735696171236,0.011562419962337022,0.001409882741032847,0.9694986566629097
0.40415735477261416,2.4655300546775583,0.012524859707818303,0.004646343967336404,0.9386572303988101
0.28224655527910886,2.1408667751393886,0.02398820901568691,0.004382308840101457,0.9835661488392191
0.2868998091790732,3.902345628955458,0.04175606063713275,0.0010434770341223444,0.956875266171849
0.30883247186447743,3.8933966087222673,0.04170034290435493,0.0042463913249357,0.9702223358865334
0.4438385158978496,4.197108491404627,0.03657192819833452,0.002112720820339131,0.9853391792928671
0.303739967907968,3.174627165925772,0.04049854676599655,0.004695817794526666,0.9561007587680126
0.346790352986621,2.5227092226428383,0.03633919777467036,0.0023620034644437956,0.966481772474928
0.16902286065297226,3.443766314726742,0.020520664776309545,0.004819573555447533,0.9489084124411634
0.3917372143014737,3.7792243612167855,0.017027103371244523,0.0013488193823542611,0.982566370504811
0.30472936653816707,3.1784131828197886,0.018876994869618996,0.0028628738711997436,0.9451345788515774
0.39103247710764955,3.708013396920199,0.01859675208962782,0.0026440093566433487,0.9517799419576314
0.24218056031268334,3.985934071507171,0.038955731115240255,0.001967796441474474,0.9566254493759709
0.18705471816348423,3.990294028471598,0.014826098609317818,0.0031930737969047517,0.9697810975654696
